repo_name,loc,size_category,total_smells,smell_density,hyperparameters_not_explicitly_set,gradients_not_cleared_before_backward_propagation,columns_and_datatype_not_explicitly_set,in_place_apis_misused,Chain_Indexing,matrix_multiplication_api_misused,pytorch_call_method_misused,dataframe_conversion_api_misused,nan_equivalence_comparison_misused,unnecessary_iteration,merge_api_parameter_not_explicitly_set,memory_not_freed,empty_column_misinitialization,Broadcasting_Feature_Not_Used,deterministic_algorithm_option_not_used,tensor_array_not_used,total_smells_filtered,Commits,Created Date,Last Commit Date,age_days,created_dt,last_commit_dt,duration_months,commits_per_month,activity_level
alfredfrancis/ai-chatbot-framework,2327,small,2,0.0,2.0,0.0,0.0,0.0,0.0,0.0,0.0,0.0,0.0,0.0,0.0,0.0,0.0,0.0,0.0,0.0,0.0,470,2016-12-16T19:10:56Z,2025-02-03,3274,2016-12-16 19:10:56+00:00,2025-02-03 00:00:00+00:00,107.55584756898817,4.369822846670739,Low Activity
ARM-software/CMSIS_5,480,small,0,0.0,0.0,0.0,0.0,0.0,0.0,0.0,0.0,0.0,0.0,0.0,0.0,0.0,0.0,0.0,0.0,0.0,0.0,3264,2016-02-18T08:04:18Z,2024-09-03,3576,2016-02-18 08:04:18+00:00,2024-09-03 00:00:00+00:00,117.47700394218134,27.784161073825505,High Activity
arogozhnikov/einops,4042,small,7,1.731815932706581,0.0,7.0,0.0,0.0,0.0,0.0,0.0,0.0,0.0,0.0,0.0,0.0,0.0,0.0,0.0,0.0,7.0,713,2018-09-22T00:45:08Z,2025-08-12,2630,2018-09-22 00:45:08+00:00,2025-08-12 00:00:00+00:00,86.39947437582128,8.252365019011407,Low Activity
arogozhnikov/hep_ml,2839,small,21,6.692497358224727,2.0,0.0,12.0,4.0,2.0,1.0,0.0,0.0,0.0,0.0,0.0,0.0,0.0,0.0,0.0,0.0,19.0,371,2015-05-05T14:17:36Z,2025-07-01,3865,2015-05-05 14:17:36+00:00,2025-07-01 00:00:00+00:00,126.97109067017082,2.9219249676584735,Low Activity
bayesiains/nflows,6408,small,10,1.560549313358302,0.0,0.0,0.0,0.0,0.0,0.0,10.0,0.0,0.0,0.0,0.0,0.0,0.0,0.0,0.0,0.0,10.0,161,2020-02-17T12:36:32Z,2024-12-27,2116,2020-02-17 12:36:32+00:00,2024-12-27 00:00:00+00:00,69.51379763469119,2.3160869565217395,Low Activity
Belval/TextRecognitionDataGenerator,3319,small,0,0.0,0.0,0.0,0.0,0.0,0.0,0.0,0.0,0.0,0.0,0.0,0.0,0.0,0.0,0.0,0.0,0.0,0.0,156,2017-07-01T20:11:40Z,2024-02-15,3077,2017-07-01 20:11:40+00:00,2024-02-15 00:00:00+00:00,101.08409986859395,1.5432694182645434,Low Activity
beringresearch/ivis,2011,small,3,0.9945300845350571,1.0,0.0,1.0,0.0,0.0,0.0,0.0,1.0,0.0,0.0,0.0,0.0,0.0,0.0,0.0,0.0,2.0,584,2018-08-13T08:31:01Z,2024-09-29,2669,2018-08-13 08:31:01+00:00,2024-09-29 00:00:00+00:00,87.68068331143232,6.660532034469839,Low Activity
bethgelab/foolbox,8798,small,12,0.0,12.0,0.0,0.0,0.0,0.0,0.0,0.0,0.0,0.0,0.0,0.0,0.0,0.0,0.0,0.0,0.0,0.0,1711,2017-06-14T13:05:48Z,2024-03-04,3094,2017-06-14 13:05:48+00:00,2024-03-04 00:00:00+00:00,101.64257555847568,16.83349709114415,High Activity
bitextor/bitextor,4658,small,0,0.0,0.0,0.0,0.0,0.0,0.0,0.0,0.0,0.0,0.0,0.0,0.0,0.0,0.0,0.0,0.0,0.0,0.0,4001,2018-04-16T10:04:27Z,2024-11-11,2788,2018-04-16 10:04:27+00:00,2024-11-11 00:00:00+00:00,91.59001314060447,43.68380200860832,High Activity
cgre-aachen/gempy,9841,small,31,3.1500863733360434,0.0,0.0,10.0,4.0,9.0,4.0,0.0,0.0,2.0,2.0,0.0,0.0,0.0,0.0,0.0,0.0,31.0,3113,2017-07-04T11:32:12Z,2025-09-24,3074,2017-07-04 11:32:12+00:00,2025-09-24 00:00:00+00:00,100.9855453350854,30.826193884189983,High Activity
deepmedic/deepmedic,6072,small,16,2.635046113306983,0.0,0.0,3.0,0.0,10.0,3.0,0.0,0.0,0.0,0.0,0.0,0.0,0.0,0.0,0.0,0.0,16.0,540,2016-04-26T18:23:31Z,2024-08-04,3508,2016-04-26 18:23:31+00:00,2024-08-04 00:00:00+00:00,115.2431011826544,4.685746864310149,Low Activity
deezer/spleeter,2291,small,5,2.182453077258839,0.0,0.0,3.0,0.0,0.0,0.0,0.0,2.0,0.0,0.0,0.0,0.0,0.0,0.0,0.0,0.0,5.0,540,2019-09-26T15:40:46Z,2025-04-02,2260,2019-09-26 15:40:46+00:00,2025-04-02 00:00:00+00:00,74.24441524310117,7.273274336283187,Low Activity
dwadden/dygiepp,7411,small,13,1.7541492376197545,0.0,0.0,5.0,6.0,0.0,0.0,0.0,0.0,0.0,2.0,0.0,0.0,0.0,0.0,0.0,0.0,13.0,712,2019-02-19T01:48:41Z,2024-06-18,2480,2019-02-19 01:48:41+00:00,2024-06-18 00:00:00+00:00,81.47174770039422,8.739225806451612,Low Activity
eleurent/rl-agents,6640,small,17,2.560240963855422,0.0,0.0,6.0,8.0,0.0,2.0,0.0,1.0,0.0,0.0,0.0,0.0,0.0,0.0,0.0,0.0,17.0,787,2017-06-05T20:53:59Z,2024-01-13,3103,2017-06-05 20:53:59+00:00,2024-01-13 00:00:00+00:00,101.93823915900131,7.720360941024815,Low Activity
EpistasisLab/tpot,8506,small,41,2.468845520808841,20.0,2.0,10.0,8.0,0.0,0.0,0.0,0.0,0.0,1.0,0.0,0.0,0.0,0.0,0.0,0.0,21.0,551,2015-11-03T21:08:40Z,2025-09-11,3683,2015-11-03 21:08:40+00:00,2025-09-11 00:00:00+00:00,120.99211563731932,4.554015748031496,Low Activity
ethen8181/machine-learning,2780,small,23,8.273381294964029,0.0,0.0,11.0,3.0,2.0,3.0,2.0,1.0,0.0,0.0,1.0,0.0,0.0,0.0,0.0,0.0,23.0,520,2015-07-24T03:35:49Z,2025-06-27,3785,2015-07-24 03:35:49+00:00,2025-06-27 00:00:00+00:00,124.34296977660972,4.181981505944518,Low Activity
explosion/prodigy-recipes,3842,small,1,0.2602811035918792,0.0,0.0,1.0,0.0,0.0,0.0,0.0,0.0,0.0,0.0,0.0,0.0,0.0,0.0,0.0,0.0,1.0,210,2017-12-09T12:57:34Z,2024-08-04,2916,2017-12-09 12:57:34+00:00,2024-08-04 00:00:00+00:00,95.79500657030223,2.1921810699588478,Low Activity
explosion/spacy-transformers,2897,small,0,0.0,0.0,0.0,0.0,0.0,0.0,0.0,0.0,0.0,0.0,0.0,0.0,0.0,0.0,0.0,0.0,0.0,0.0,1485,2019-07-26T19:12:34Z,2025-05-26,2322,2019-07-26 19:12:34+00:00,2025-05-26 00:00:00+00:00,76.28120893561103,19.46744186046512,High Activity
FunctionLab/selene,6352,small,13,2.0465994962216625,0.0,0.0,1.0,0.0,0.0,0.0,11.0,0.0,0.0,1.0,0.0,0.0,0.0,0.0,0.0,0.0,13.0,860,2017-08-21T14:06:22Z,2024-12-16,3026,2017-08-21 14:06:22+00:00,2024-12-16 00:00:00+00:00,99.40867279894874,8.651156642432255,Low Activity
geoopt/geoopt,8404,small,4,0.47596382674916704,0.0,4.0,0.0,0.0,0.0,0.0,0.0,0.0,0.0,0.0,0.0,0.0,0.0,0.0,0.0,0.0,4.0,218,2018-11-07T17:32:53Z,2025-08-04,2583,2018-11-07 17:32:53+00:00,2025-08-04 00:00:00+00:00,84.85545335085413,2.569074719318622,Low Activity
geyang/ml_logger,4472,small,13,2.9069767441860463,0.0,0.0,8.0,4.0,0.0,0.0,0.0,0.0,0.0,1.0,0.0,0.0,0.0,0.0,0.0,0.0,13.0,831,2018-04-21T07:27:55Z,2025-04-21,2783,2018-04-21 07:27:55+00:00,2025-04-21 00:00:00+00:00,91.4257555847569,9.089342436219907,Low Activity
gjy3035/C-3-Framework,4303,small,19,4.415524052986289,0.0,3.0,7.0,0.0,0.0,0.0,9.0,0.0,0.0,0.0,0.0,0.0,0.0,0.0,0.0,0.0,19.0,133,2018-12-22T01:02:21Z,2024-03-30,2539,2018-12-22 01:02:21+00:00,2024-03-30 00:00:00+00:00,83.40998685939553,1.5945332808192203,Low Activity
google/fhir,80,small,0,0.0,0.0,0.0,0.0,0.0,0.0,0.0,0.0,0.0,0.0,0.0,0.0,0.0,0.0,0.0,0.0,0.0,0.0,1461,2018-01-10T04:54:52Z,2025-09-25,2884,2018-01-10 04:54:52+00:00,2025-09-25 00:00:00+00:00,94.7437582128778,15.420540915395284,Low Activity
google/ml-metadata,3619,small,1,0.0,1.0,0.0,0.0,0.0,0.0,0.0,0.0,0.0,0.0,0.0,0.0,0.0,0.0,0.0,0.0,0.0,0.0,909,2019-01-15T21:02:09Z,2025-04-03,2514,2019-01-15 21:02:09+00:00,2025-04-03 00:00:00+00:00,82.58869908015768,11.006348448687351,Low Activity
GoogleCloudPlatform/healthcare,7788,small,0,0.0,0.0,0.0,0.0,0.0,0.0,0.0,0.0,0.0,0.0,0.0,0.0,0.0,0.0,0.0,0.0,0.0,0.0,847,2018-02-23T00:33:00Z,2024-08-20,2841,2018-02-23 00:33:00+00:00,2024-08-20 00:00:00+00:00,93.3311432325887,9.075212953185497,Low Activity
GoogleCloudPlatform/ml-on-gcp,9308,small,19,1.6115169746454663,4.0,0.0,8.0,6.0,0.0,1.0,0.0,0.0,0.0,0.0,0.0,0.0,0.0,0.0,0.0,0.0,15.0,376,2017-08-21T21:05:18Z,2024-10-24,3026,2017-08-21 21:05:18+00:00,2024-10-24 00:00:00+00:00,99.40867279894874,3.7823661599471254,Low Activity
google-research/text-to-text-transfer-transformer,8552,small,10,1.1693171188026192,0.0,1.0,5.0,1.0,1.0,0.0,0.0,2.0,0.0,0.0,0.0,0.0,0.0,0.0,0.0,0.0,10.0,601,2019-10-17T21:45:14Z,2025-04-28,2239,2019-10-17 21:45:14+00:00,2025-04-28 00:00:00+00:00,73.5545335085414,8.170808396605628,Low Activity
graphbrain/graphbrain,10180,small,1,0.0,1.0,0.0,0.0,0.0,0.0,0.0,0.0,0.0,0.0,0.0,0.0,0.0,0.0,0.0,0.0,0.0,0.0,3218,2016-02-15T11:25:11Z,2025-08-06,3579,2016-02-15 11:25:11+00:00,2025-08-06 00:00:00+00:00,117.57555847568987,27.36963397597094,High Activity
greentfrapp/lucent,2009,small,0,0.0,0.0,0.0,0.0,0.0,0.0,0.0,0.0,0.0,0.0,0.0,0.0,0.0,0.0,0.0,0.0,0.0,0.0,191,2020-05-09T18:07:01Z,2025-03-21,2034,2020-05-09 18:07:01+00:00,2025-03-21 00:00:00+00:00,66.81997371879106,2.8584267453294,Low Activity
guillaume-be/rust-bert,176,small,0,0.0,0.0,0.0,0.0,0.0,0.0,0.0,0.0,0.0,0.0,0.0,0.0,0.0,0.0,0.0,0.0,0.0,0.0,1120,2020-01-25T09:40:07Z,2025-05-26,2139,2020-01-25 09:40:07+00:00,2025-05-26 00:00:00+00:00,70.26938239159001,15.938662926601216,High Activity
hastagAB/Awesome-Python-Scripts,7569,small,4,0.5284713964856652,0.0,0.0,3.0,0.0,0.0,0.0,0.0,1.0,0.0,0.0,0.0,0.0,0.0,0.0,0.0,0.0,4.0,471,2018-10-02T18:06:52Z,2024-06-21,2619,2018-10-02 18:06:52+00:00,2024-06-21 00:00:00+00:00,86.03810775295663,5.474318442153494,Low Activity
henrysky/astroNN,10096,small,2,0.09904912836767037,1.0,0.0,0.0,0.0,0.0,1.0,0.0,0.0,0.0,0.0,0.0,0.0,0.0,0.0,0.0,0.0,1.0,2181,2017-10-14T01:40:28Z,2025-09-09,2973,2017-10-14 01:40:28+00:00,2025-09-09 00:00:00+00:00,97.66754270696451,22.33085771947528,High Activity
idealo/image-super-resolution,2788,small,0,0.0,0.0,0.0,0.0,0.0,0.0,0.0,0.0,0.0,0.0,0.0,0.0,0.0,0.0,0.0,0.0,0.0,0.0,151,2018-11-26T13:41:13Z,2024-12-18,2564,2018-11-26 13:41:13+00:00,2024-12-18 00:00:00+00:00,84.23127463863338,1.7926833073322932,Low Activity
interpretml/DiCE,7492,small,81,10.678056593699946,1.0,4.0,49.0,4.0,17.0,0.0,0.0,4.0,0.0,2.0,0.0,0.0,0.0,0.0,0.0,0.0,80.0,791,2019-05-02T09:51:02Z,2025-07-13,2407,2019-05-02 09:51:02+00:00,2025-07-13 00:00:00+00:00,79.0735873850197,10.003340257582053,Low Activity
interpretml/interpret-text,6861,small,26,3.060778312199388,5.0,1.0,6.0,1.0,2.0,3.0,3.0,1.0,0.0,4.0,0.0,0.0,0.0,0.0,0.0,0.0,21.0,152,2019-09-04T16:39:48Z,2024-02-05,2282,2019-09-04 16:39:48+00:00,2024-02-05 00:00:00+00:00,74.96714848883049,2.0275547765118316,Low Activity
jaakkopasanen/AutoEq,4958,small,10,2.016942315449778,0.0,0.0,3.0,4.0,0.0,2.0,0.0,0.0,0.0,1.0,0.0,0.0,0.0,0.0,0.0,0.0,10.0,896,2018-03-04T16:37:35Z,2025-07-20,2831,2018-03-04 16:37:35+00:00,2025-07-20 00:00:00+00:00,93.00262812089356,9.63413634758036,Low Activity
jeongyoonlee/Kaggler,2665,small,24,9.00562851782364,0.0,0.0,14.0,8.0,0.0,0.0,0.0,2.0,0.0,0.0,0.0,0.0,0.0,0.0,0.0,0.0,24.0,254,2015-01-28T20:51:13Z,2024-04-25,3962,2015-01-28 20:51:13+00:00,2024-04-25 00:00:00+00:00,130.15768725361366,1.9514790509843514,Low Activity
jessevig/bertviz,7099,small,0,0.0,0.0,0.0,0.0,0.0,0.0,0.0,0.0,0.0,0.0,0.0,0.0,0.0,0.0,0.0,0.0,0.0,0.0,308,2018-12-16T16:50:42Z,2025-06-01,2544,2018-12-16 16:50:42+00:00,2025-06-01 00:00:00+00:00,83.5742444152431,3.6853459119496854,Low Activity
joeynmt/joeynmt,9765,small,10,1.0240655401945724,0.0,0.0,1.0,0.0,7.0,0.0,2.0,0.0,0.0,0.0,0.0,0.0,0.0,0.0,0.0,0.0,10.0,904,2018-10-15T15:00:57Z,2024-01-25,2606,2018-10-15 15:00:57+00:00,2024-01-25 00:00:00+00:00,85.61103810775295,10.55938603223331,Low Activity
junyanz/pytorch-CycleGAN-and-pix2pix,2037,small,4,1.9636720667648504,0.0,0.0,0.0,0.0,0.0,0.0,4.0,0.0,0.0,0.0,0.0,0.0,0.0,0.0,0.0,0.0,4.0,535,2017-04-18T10:33:05Z,2025-08-06,3151,2017-04-18 10:33:05+00:00,2025-08-06 00:00:00+00:00,103.51511169513797,5.16832751507458,Low Activity
kakao/buffalo,6686,small,0,0.0,0.0,0.0,0.0,0.0,0.0,0.0,0.0,0.0,0.0,0.0,0.0,0.0,0.0,0.0,0.0,0.0,0.0,580,2019-08-27T14:56:48Z,2025-05-16,2290,2019-08-27 14:56:48+00:00,2025-05-16 00:00:00+00:00,75.22996057818659,7.709694323144105,Low Activity
kaushaltrivedi/fast-bert,9128,small,36,3.943908851884312,0.0,4.0,22.0,9.0,0.0,0.0,1.0,0.0,0.0,0.0,0.0,0.0,0.0,0.0,0.0,0.0,36.0,346,2019-04-18T22:01:20Z,2024-08-19,2421,2019-04-18 22:01:20+00:00,2024-08-19 00:00:00+00:00,79.5335085413929,4.350367616687319,Low Activity
keras-team/autokeras,7356,small,0,0.0,0.0,0.0,0.0,0.0,0.0,0.0,0.0,0.0,0.0,0.0,0.0,0.0,0.0,0.0,0.0,0.0,0.0,1394,2017-11-19T23:18:20Z,2024-12-16,2936,2017-11-19 23:18:20+00:00,2024-12-16 00:00:00+00:00,96.4520367936925,14.452779291553135,Low Activity
kermitt2/grobid,293,small,0,0.0,0.0,0.0,0.0,0.0,0.0,0.0,0.0,0.0,0.0,0.0,0.0,0.0,0.0,0.0,0.0,0.0,0.0,3832,2012-09-13T15:48:54Z,2025-09-18,4829,2012-09-13 15:48:54+00:00,2025-09-18 00:00:00+00:00,158.63994743758212,24.155328225305446,High Activity
kipoi/kipoi,9782,small,74,7.462686567164179,1.0,0.0,34.0,4.0,35.0,0.0,0.0,0.0,0.0,0.0,0.0,0.0,0.0,0.0,0.0,0.0,73.0,1333,2017-07-06T19:59:02Z,2024-04-11,3072,2017-07-06 19:59:02+00:00,2024-04-11 00:00:00+00:00,100.91984231274638,13.208502604166668,Low Activity
kubeflow-kale/kale,6510,small,5,0.7680491551459294,0.0,0.0,5.0,0.0,0.0,0.0,0.0,0.0,0.0,0.0,0.0,0.0,0.0,0.0,0.0,0.0,5.0,649,2019-01-24T17:58:44Z,2025-09-12,2505,2019-01-24 17:58:44+00:00,2025-09-12 00:00:00+00:00,82.29303547963205,7.886451097804392,Low Activity
lsds/KungFu,7566,small,4,0.13217023526301877,3.0,1.0,0.0,0.0,0.0,0.0,0.0,0.0,0.0,0.0,0.0,0.0,0.0,0.0,0.0,0.0,1.0,384,2018-12-29T07:21:05Z,2024-02-23,2531,2018-12-29 07:21:05+00:00,2024-02-23 00:00:00+00:00,83.14717477003941,4.618316870802055,Low Activity
magenta/ddsp,9882,small,0,0.0,0.0,0.0,0.0,0.0,0.0,0.0,0.0,0.0,0.0,0.0,0.0,0.0,0.0,0.0,0.0,0.0,0.0,472,2020-01-14T18:38:27Z,2024-09-23,2150,2020-01-14 18:38:27+00:00,2024-09-23 00:00:00+00:00,70.63074901445466,6.682641860465116,Low Activity
MAIF/melusine,7613,small,50,6.567713122290818,0.0,0.0,36.0,0.0,12.0,0.0,0.0,1.0,0.0,1.0,0.0,0.0,0.0,0.0,0.0,0.0,50.0,806,2019-02-18T14:11:41Z,2025-01-23,2480,2019-02-18 14:11:41+00:00,2025-01-23 00:00:00+00:00,81.47174770039422,9.893,Low Activity
MarkUsProject/Markus,1705,small,0,0.0,0.0,0.0,0.0,0.0,0.0,0.0,0.0,0.0,0.0,0.0,0.0,0.0,0.0,0.0,0.0,0.0,0.0,16658,2010-09-26T16:18:08Z,2025-09-27,5547,2010-09-26 16:18:08+00:00,2025-09-27 00:00:00+00:00,182.22733245729302,91.41329006670273,High Activity
masa-su/pixyz,5683,small,14,2.4634875945803274,0.0,0.0,0.0,0.0,0.0,0.0,14.0,0.0,0.0,0.0,0.0,0.0,0.0,0.0,0.0,0.0,14.0,901,2018-06-04T05:41:09Z,2025-09-22,2739,2018-06-04 05:41:09+00:00,2025-09-22 00:00:00+00:00,89.98028909329828,10.013304125593283,Low Activity
michaelhush/M-LOOP,4607,small,0,0.0,0.0,0.0,0.0,0.0,0.0,0.0,0.0,0.0,0.0,0.0,0.0,0.0,0.0,0.0,0.0,0.0,0.0,655,2015-07-15T04:01:33Z,2025-09-16,3794,2015-07-15 04:01:33+00:00,2025-09-16 00:00:00+00:00,124.63863337713535,5.2551924090669475,Low Activity
microsoft/Windows-Machine-Learning,562,small,4,7.117437722419928,0.0,4.0,0.0,0.0,0.0,0.0,0.0,0.0,0.0,0.0,0.0,0.0,0.0,0.0,0.0,0.0,4.0,1731,2018-03-01T20:07:47Z,2025-08-07,2834,2018-03-01 20:07:47+00:00,2025-08-07 00:00:00+00:00,93.1011826544021,18.59267466478476,High Activity
MIPT-Oulu/solt,4768,small,4,0.8389261744966443,0.0,0.0,0.0,0.0,0.0,4.0,0.0,0.0,0.0,0.0,0.0,0.0,0.0,0.0,0.0,0.0,4.0,443,2018-08-02T15:09:05Z,2025-06-01,2680,2018-08-02 15:09:05+00:00,2025-06-01 00:00:00+00:00,88.04204993429697,5.031686567164179,Low Activity
MITK/MITK,55,small,0,0.0,0.0,0.0,0.0,0.0,0.0,0.0,0.0,0.0,0.0,0.0,0.0,0.0,0.0,0.0,0.0,0.0,0.0,46189,2011-05-17T13:21:51Z,2025-08-25,5314,2011-05-17 13:21:51+00:00,2025-08-25 00:00:00+00:00,174.5729303547963,264.5828302596914,High Activity
mlmed/torchxrayvision,6002,small,25,4.1652782405864714,0.0,2.0,19.0,0.0,4.0,0.0,0.0,0.0,0.0,0.0,0.0,0.0,0.0,0.0,0.0,0.0,25.0,414,2020-03-04T03:26:11Z,2025-09-18,2100,2020-03-04 03:26:11+00:00,2025-09-18 00:00:00+00:00,68.98817345597897,6.001028571428572,Low Activity
mozilla/DeepSpeech,8842,small,21,2.375028274146121,0.0,0.0,20.0,0.0,0.0,0.0,0.0,0.0,0.0,1.0,0.0,0.0,0.0,0.0,0.0,0.0,21.0,3467,2016-06-02T15:04:53Z,2025-06-19,3471,2016-06-02 15:04:53+00:00,2025-06-19 00:00:00+00:00,114.02759526938239,30.404920772111783,High Activity
NLeSC/mcfly,1749,small,2,0.0,2.0,0.0,0.0,0.0,0.0,0.0,0.0,0.0,0.0,0.0,0.0,0.0,0.0,0.0,0.0,0.0,0.0,936,2016-05-19T13:09:26Z,2025-07-28,3485,2016-05-19 13:09:26+00:00,2025-07-28 00:00:00+00:00,114.48751642575559,8.175563845050215,Low Activity
philipperemy/keract,1080,small,2,0.9259259259259258,1.0,0.0,0.0,0.0,0.0,1.0,0.0,0.0,0.0,0.0,0.0,0.0,0.0,0.0,0.0,0.0,1.0,417,2017-05-17T04:50:57Z,2025-04-07,3122,2017-05-17 04:50:57+00:00,2025-04-07 00:00:00+00:00,102.56241787122207,4.065816784112749,Low Activity
philipperemy/keras-tcn,1306,small,2,0.7656967840735068,1.0,0.0,1.0,0.0,0.0,0.0,0.0,0.0,0.0,0.0,0.0,0.0,0.0,0.0,0.0,0.0,1.0,571,2018-03-22T02:40:06Z,2025-04-08,2814,2018-03-22 02:40:06+00:00,2025-04-08 00:00:00+00:00,92.44415243101183,6.176702203269367,Low Activity
pytorch/builder,685,small,0,0.0,0.0,0.0,0.0,0.0,0.0,0.0,0.0,0.0,0.0,0.0,0.0,0.0,0.0,0.0,0.0,0.0,0.0,2799,2016-09-02T17:02:21Z,2025-08-12,3379,2016-09-02 17:02:21+00:00,2025-08-12 00:00:00+00:00,111.00525624178712,25.215022195915953,High Activity
pytorch/examples,7428,small,21,2.2886375875067313,4.0,12.0,0.0,0.0,0.0,0.0,5.0,0.0,0.0,0.0,0.0,0.0,0.0,0.0,0.0,0.0,17.0,835,2016-08-24T03:12:48Z,2025-09-01,3388,2016-08-24 03:12:48+00:00,2025-09-01 00:00:00+00:00,111.30091984231274,7.502184179456908,Low Activity
robertness/causalML,2330,small,19,8.15450643776824,0.0,0.0,6.0,1.0,7.0,0.0,4.0,0.0,0.0,1.0,0.0,0.0,0.0,0.0,0.0,0.0,19.0,367,2018-12-17T05:22:47Z,2024-07-28,2543,2018-12-17 05:22:47+00:00,2024-07-28 00:00:00+00:00,83.54139290407359,4.393031852143138,Low Activity
RussTedrake/underactuated,5955,small,5,0.8396305625524769,0.0,0.0,0.0,0.0,0.0,5.0,0.0,0.0,0.0,0.0,0.0,0.0,0.0,0.0,0.0,0.0,5.0,1915,2014-09-01T00:43:31Z,2025-08-28,4112,2014-09-01 00:43:31+00:00,2025-08-28 00:00:00+00:00,135.08541392904073,14.176215953307395,Low Activity
rusty1s/pytorch_scatter,1450,small,0,0.0,0.0,0.0,0.0,0.0,0.0,0.0,0.0,0.0,0.0,0.0,0.0,0.0,0.0,0.0,0.0,0.0,0.0,1049,2017-12-16T16:34:23Z,2025-08-12,2909,2017-12-16 16:34:23+00:00,2025-08-12 00:00:00+00:00,95.56504599211563,10.976816775524236,Low Activity
SeldonIO/seldon-core,3289,small,3,0.9121313469139556,0.0,0.0,1.0,0.0,2.0,0.0,0.0,0.0,0.0,0.0,0.0,0.0,0.0,0.0,0.0,0.0,3.0,1207,2017-12-20T14:51:54Z,2025-09-26,2905,2017-12-20 14:51:54+00:00,2025-09-26 00:00:00+00:00,95.43363994743758,12.647531841652324,Low Activity
sigopt/sigopt-examples,5255,small,1,0.19029495718363465,0.0,0.0,1.0,0.0,0.0,0.0,0.0,0.0,0.0,0.0,0.0,0.0,0.0,0.0,0.0,0.0,1.0,601,2015-02-24T03:29:25Z,2024-04-29,3935,2015-02-24 03:29:25+00:00,2024-04-29 00:00:00+00:00,129.2706964520368,4.649158831003812,Low Activity
sisl/NeuralVerification.jl,61,small,1,0.0,1.0,0.0,0.0,0.0,0.0,0.0,0.0,0.0,0.0,0.0,0.0,0.0,0.0,0.0,0.0,0.0,0.0,932,2018-08-09T23:49:40Z,2025-05-01,2673,2018-08-09 23:49:40+00:00,2025-05-01 00:00:00+00:00,87.81208935611038,10.613572764683877,Low Activity
snipsco/tract,1472,small,6,4.076086956521739,0.0,0.0,0.0,0.0,0.0,0.0,6.0,0.0,0.0,0.0,0.0,0.0,0.0,0.0,0.0,0.0,6.0,8101,2017-08-07T09:31:26Z,2025-09-26,3040,2017-08-07 09:31:26+00:00,2025-09-26 00:00:00+00:00,99.86859395532194,81.11659210526317,High Activity
snorkel-team/snorkel,7633,small,55,7.205554827721735,0.0,3.0,42.0,4.0,0.0,0.0,4.0,0.0,0.0,2.0,0.0,0.0,0.0,0.0,0.0,0.0,55.0,2693,2016-02-26T05:52:45Z,2024-02-27,3568,2016-02-26 05:52:45+00:00,2024-02-27 00:00:00+00:00,117.21419185282522,22.975033632286998,High Activity
stephenhky/PyShortTextCategorization,2590,small,12,1.1583011583011584,9.0,0.0,3.0,0.0,0.0,0.0,0.0,0.0,0.0,0.0,0.0,0.0,0.0,0.0,0.0,0.0,3.0,1539,2016-10-06T03:11:10Z,2025-09-19,3346,2016-10-06 03:11:10+00:00,2025-09-19 00:00:00+00:00,109.92115637319316,14.000944411237299,Low Activity
tensorflow/fairness-indicators,1520,small,5,3.289473684210526,0.0,0.0,4.0,0.0,0.0,0.0,0.0,0.0,0.0,1.0,0.0,0.0,0.0,0.0,0.0,0.0,5.0,397,2019-09-30T22:56:45Z,2025-08-04,2256,2019-09-30 22:56:45+00:00,2025-08-04 00:00:00+00:00,74.11300919842313,5.356684397163121,Low Activity
tensorflow/serving,2292,small,2,0.0,2.0,0.0,0.0,0.0,0.0,0.0,0.0,0.0,0.0,0.0,0.0,0.0,0.0,0.0,0.0,0.0,0.0,9171,2016-01-26T21:48:20Z,2025-09-26,3599,2016-01-26 21:48:20+00:00,2025-09-26 00:00:00+00:00,118.23258869908015,77.56744651292026,High Activity
thunlp/OpenNRE,3137,small,9,2.8689831048772714,0.0,6.0,0.0,0.0,0.0,0.0,3.0,0.0,0.0,0.0,0.0,0.0,0.0,0.0,0.0,0.0,9.0,177,2017-02-26T07:37:12Z,2024-01-10,3202,2017-02-26 07:37:12+00:00,2024-01-10 00:00:00+00:00,105.19053876478317,1.6826608369768896,Low Activity
Tiiiger/QPyTorch,3868,small,9,2.326783867631851,0.0,9.0,0.0,0.0,0.0,0.0,0.0,0.0,0.0,0.0,0.0,0.0,0.0,0.0,0.0,0.0,9.0,246,2018-07-30T03:10:44Z,2024-05-20,2684,2018-07-30 03:10:44+00:00,2024-05-20 00:00:00+00:00,88.17345597897503,2.7899552906110285,Low Activity
timesler/facenet-pytorch,1467,small,1,0.6816632583503749,0.0,1.0,0.0,0.0,0.0,0.0,0.0,0.0,0.0,0.0,0.0,0.0,0.0,0.0,0.0,0.0,1.0,252,2019-05-25T01:29:24Z,2024-08-02,2385,2019-05-25 01:29:24+00:00,2024-08-02 00:00:00+00:00,78.3508541392904,3.216301886792453,Low Activity
tslearn-team/tslearn,10150,small,18,1.6748768472906403,1.0,1.0,1.0,2.0,4.0,3.0,6.0,0.0,0.0,0.0,0.0,0.0,0.0,0.0,0.0,0.0,17.0,1685,2017-05-04T13:08:13Z,2025-09-26,3135,2017-05-04 13:08:13+00:00,2025-09-26 00:00:00+00:00,102.98948751642575,16.360893141945773,High Activity
wandb/examples,7128,small,11,0.5611672278338945,7.0,3.0,1.0,0.0,0.0,0.0,0.0,0.0,0.0,0.0,0.0,0.0,0.0,0.0,0.0,0.0,4.0,1003,2018-01-29T17:53:59Z,2025-09-23,2865,2018-01-29 17:53:59+00:00,2025-09-23 00:00:00+00:00,94.11957950065703,10.656656195462478,Low Activity
wikipedia2vec/wikipedia2vec,4481,small,6,1.3389868332961392,0.0,2.0,0.0,0.0,0.0,4.0,0.0,0.0,0.0,0.0,0.0,0.0,0.0,0.0,0.0,0.0,6.0,333,2015-10-26T10:37:06Z,2024-01-11,3691,2015-10-26 10:37:06+00:00,2024-01-11 00:00:00+00:00,121.25492772667542,2.7462801408832296,Low Activity
zalandoresearch/pytorch-ts,9932,small,10,1.0068465565847764,0.0,0.0,4.0,1.0,0.0,0.0,2.0,0.0,0.0,2.0,1.0,0.0,0.0,0.0,0.0,0.0,10.0,438,2020-03-16T16:47:08Z,2024-06-14,2088,2020-03-16 16:47:08+00:00,2024-06-14 00:00:00+00:00,68.5939553219448,6.385402298850575,Low Activity
zeusees/HyperLPR,1356,small,1,0.7374631268436578,0.0,0.0,0.0,0.0,0.0,1.0,0.0,0.0,0.0,0.0,0.0,0.0,0.0,0.0,0.0,0.0,1.0,344,2017-09-24T05:44:38Z,2024-07-27,2992,2017-09-24 05:44:38+00:00,2024-07-27 00:00:00+00:00,98.29172141918528,3.4997860962566847,Low Activity
zhanghang1989/PyTorch-Encoding,6905,small,4,0.5792903692976104,0.0,3.0,0.0,0.0,0.0,0.0,1.0,0.0,0.0,0.0,0.0,0.0,0.0,0.0,0.0,0.0,4.0,120,2017-05-12T18:04:54Z,2024-12-21,3127,2017-05-12 18:04:54+00:00,2024-12-21 00:00:00+00:00,102.72667542706964,1.1681483850335785,Low Activity
amaiya/ktrain,15566,medium,22,1.0921238596942053,5.0,0.0,9.0,3.0,5.0,0.0,0.0,0.0,0.0,0.0,0.0,0.0,0.0,0.0,0.0,0.0,17.0,3066,2019-02-06T17:01:39Z,2024-07-09,2492,2019-02-06 17:01:39+00:00,2024-07-09 00:00:00+00:00,81.86596583442838,37.4514606741573,High Activity
analyticalmindsltd/smote_variants,21361,medium,59,2.715228687795515,1.0,0.0,12.0,17.0,12.0,17.0,0.0,0.0,0.0,0.0,0.0,0.0,0.0,0.0,0.0,0.0,58.0,498,2018-10-05T20:21:54Z,2024-01-01,2616,2018-10-05 20:21:54+00:00,2024-01-01 00:00:00+00:00,85.93955321944809,5.7947706422018355,Low Activity
apache/submarine,13139,medium,4,0.22832787883400565,1.0,3.0,0.0,0.0,0.0,0.0,0.0,0.0,0.0,0.0,0.0,0.0,0.0,0.0,0.0,0.0,3.0,1051,2019-09-19T04:00:17Z,2024-04-03,2267,2019-09-19 04:00:17+00:00,2024-04-03 00:00:00+00:00,74.47437582128778,14.112236435818263,Low Activity
autorope/donkeycar,22292,medium,21,0.9420419881571863,0.0,0.0,12.0,7.0,0.0,0.0,2.0,0.0,0.0,0.0,0.0,0.0,0.0,0.0,0.0,0.0,21.0,2204,2016-12-10T06:35:09Z,2025-08-04,3280,2016-12-10 06:35:09+00:00,2025-08-04 00:00:00+00:00,107.75295663600525,20.45419512195122,High Activity
BindsNET/bindsnet,14028,medium,8,0.570287995437696,0.0,0.0,3.0,2.0,0.0,1.0,2.0,0.0,0.0,0.0,0.0,0.0,0.0,0.0,0.0,0.0,8.0,2124,2018-02-09T19:42:37Z,2025-09-26,2854,2018-02-09 19:42:37+00:00,2025-09-26 00:00:00+00:00,93.75821287779237,22.654015416958657,High Activity
BloodAxe/pytorch-toolbelt,12133,medium,5,0.4120992334954257,0.0,0.0,0.0,0.0,0.0,0.0,5.0,0.0,0.0,0.0,0.0,0.0,0.0,0.0,0.0,0.0,5.0,1245,2019-03-15T16:02:49Z,2025-09-12,2455,2019-03-15 16:02:49+00:00,2025-09-12 00:00:00+00:00,80.65045992115637,15.436985743380855,Low Activity
brainiak/brainiak,17865,medium,98,5.261684858662189,4.0,0.0,3.0,0.0,0.0,91.0,0.0,0.0,0.0,0.0,0.0,0.0,0.0,0.0,0.0,0.0,94.0,406,2016-02-08T23:19:27Z,2025-01-06,3586,2016-02-08 23:19:27+00:00,2025-01-06 00:00:00+00:00,117.80551905387647,3.4463580591187957,Low Activity
Calamari-OCR/calamari,11088,medium,2,0.18037518037518038,0.0,0.0,0.0,0.0,0.0,2.0,0.0,0.0,0.0,0.0,0.0,0.0,0.0,0.0,0.0,0.0,2.0,479,2018-03-20T15:22:29Z,2025-05-12,2815,2018-03-20 15:22:29+00:00,2025-05-12 00:00:00+00:00,92.47700394218134,5.179666074600355,Low Activity
cornellius-gp/gpytorch,24163,medium,32,1.3243388652071348,0.0,5.0,0.0,0.0,0.0,0.0,27.0,0.0,0.0,0.0,0.0,0.0,0.0,0.0,0.0,0.0,32.0,3975,2017-06-09T14:48:20Z,2025-09-03,3099,2017-06-09 14:48:20+00:00,2025-09-03 00:00:00+00:00,101.80683311432325,39.04453049370765,High Activity
CornellNLP/Cornell-Conversational-Analysis-Toolkit,16129,medium,47,2.9140058280116556,0.0,0.0,29.0,9.0,0.0,0.0,0.0,2.0,0.0,7.0,0.0,0.0,0.0,0.0,0.0,0.0,47.0,1497,2016-03-14T19:04:22Z,2025-09-22,3551,2016-03-14 19:04:22+00:00,2025-09-22 00:00:00+00:00,116.65571616294349,12.832633061109547,Low Activity
cornell-zhang/heterocl,20269,medium,3,0.14800927524791554,0.0,0.0,1.0,2.0,0.0,0.0,0.0,0.0,0.0,0.0,0.0,0.0,0.0,0.0,0.0,0.0,3.0,1123,2017-12-20T16:13:52Z,2024-04-20,2905,2017-12-20 16:13:52+00:00,2024-04-20 00:00:00+00:00,95.43363994743758,11.767339070567987,Low Activity
cpnota/autonomous-learning-library,10618,medium,2,0.1883593897155773,0.0,2.0,0.0,0.0,0.0,0.0,0.0,0.0,0.0,0.0,0.0,0.0,0.0,0.0,0.0,0.0,2.0,300,2018-11-07T21:39:56Z,2024-03-17,2583,2018-11-07 21:39:56+00:00,2024-03-17 00:00:00+00:00,84.85545335085413,3.5354239256678284,Low Activity
danielegrattarola/spektral,10445,medium,4,0.19147917663954045,2.0,0.0,2.0,0.0,0.0,0.0,0.0,0.0,0.0,0.0,0.0,0.0,0.0,0.0,0.0,0.0,2.0,1134,2019-01-17T11:19:10Z,2024-01-21,2512,2019-01-17 11:19:10+00:00,2024-01-21 00:00:00+00:00,82.52299605781866,13.741624203821656,Low Activity
datamllab/rlcard,12848,medium,3,0.1556662515566625,1.0,0.0,0.0,0.0,0.0,0.0,2.0,0.0,0.0,0.0,0.0,0.0,0.0,0.0,0.0,0.0,2.0,875,2019-09-05T12:48:01Z,2024-06-26,2281,2019-09-05 12:48:01+00:00,2024-06-26 00:00:00+00:00,74.93429697766096,11.676896098202544,Low Activity
deepmind/dm-haiku,20792,medium,1,0.04809542131589072,0.0,0.0,0.0,0.0,0.0,1.0,0.0,0.0,0.0,0.0,0.0,0.0,0.0,0.0,0.0,0.0,1.0,1024,2020-02-18T07:14:02Z,2025-09-18,2115,2020-02-18 07:14:02+00:00,2025-09-18 00:00:00+00:00,69.48094612352168,14.737853427895983,Low Activity
deepmind/sonnet,13196,medium,7,0.37890269778720825,2.0,0.0,0.0,0.0,0.0,5.0,0.0,0.0,0.0,0.0,0.0,0.0,0.0,0.0,0.0,0.0,5.0,873,2017-04-03T11:34:35Z,2025-08-04,3166,2017-04-03 11:34:35+00:00,2025-08-04 00:00:00+00:00,104.00788436268068,8.393594440934933,Low Activity
deepmipt/DeepPavlov,16907,medium,3,0.17744129650440646,0.0,0.0,2.0,0.0,0.0,0.0,0.0,0.0,0.0,1.0,0.0,0.0,0.0,0.0,0.0,0.0,3.0,2711,2017-11-17T14:35:29Z,2024-11-26,2938,2017-11-17 14:35:29+00:00,2024-11-26 00:00:00+00:00,96.51773981603154,28.088100748808714,High Activity
DigitalSlideArchive/HistomicsTK,11307,medium,60,5.3064473335102145,0.0,0.0,25.0,3.0,4.0,22.0,0.0,1.0,0.0,5.0,0.0,0.0,0.0,0.0,0.0,0.0,60.0,3031,2015-10-15T14:49:21Z,2025-09-08,3702,2015-10-15 14:49:21+00:00,2025-09-08 00:00:00+00:00,121.61629434954007,24.922647217720154,High Activity
DLR-RM/stable-baselines3,14536,medium,17,1.1695101816180518,0.0,9.0,5.0,0.0,0.0,0.0,3.0,0.0,0.0,0.0,0.0,0.0,0.0,0.0,0.0,0.0,17.0,907,2020-05-05T05:52:26Z,2025-09-26,2038,2020-05-05 05:52:26+00:00,2025-09-26 00:00:00+00:00,66.95137976346912,13.547144259077527,Low Activity
DSE-MSU/DeepRobust,14598,medium,80,5.343197698314837,2.0,17.0,0.0,0.0,0.0,1.0,60.0,0.0,0.0,0.0,0.0,0.0,0.0,0.0,0.0,0.0,78.0,858,2019-09-21T16:09:07Z,2025-06-26,2265,2019-09-21 16:09:07+00:00,2025-06-26 00:00:00+00:00,74.40867279894874,11.53091390728477,Low Activity
evilsocket/pwnagotchi,12470,medium,0,0.0,0.0,0.0,0.0,0.0,0.0,0.0,0.0,0.0,0.0,0.0,0.0,0.0,0.0,0.0,0.0,0.0,0.0,1744,2019-09-19T13:07:15Z,2025-08-23,2267,2019-09-19 13:07:15+00:00,2025-08-23 00:00:00+00:00,74.47437582128778,23.41745037494486,High Activity
facebookresearch/CrypTen,21718,medium,95,4.3282070172207385,1.0,70.0,17.0,1.0,0.0,0.0,6.0,0.0,0.0,0.0,0.0,0.0,0.0,0.0,0.0,0.0,94.0,359,2019-08-15T00:00:31Z,2024-11-23,2303,2019-08-15 00:00:31+00:00,2024-11-23 00:00:00+00:00,75.65703022339028,4.74509769865393,Low Activity
fastai/fastai,14973,medium,1,0.06678688305616777,0.0,1.0,0.0,0.0,0.0,0.0,0.0,0.0,0.0,0.0,0.0,0.0,0.0,0.0,0.0,0.0,1.0,2882,2017-09-09T17:43:36Z,2025-09-05,3007,2017-09-09 17:43:36+00:00,2025-09-05 00:00:00+00:00,98.78449408672799,29.174619221815764,High Activity
f-dangel/backpack,16500,medium,2,0.06060606060606061,1.0,1.0,0.0,0.0,0.0,0.0,0.0,0.0,0.0,0.0,0.0,0.0,0.0,0.0,0.0,0.0,1.0,1818,2019-07-11T14:03:56Z,2024-11-21,2337,2019-07-11 14:03:56+00:00,2024-11-21 00:00:00+00:00,76.77398160315374,23.6798973042362,High Activity
fepegar/torchio,14026,medium,9,0.6416654783972623,0.0,0.0,1.0,0.0,0.0,8.0,0.0,0.0,0.0,0.0,0.0,0.0,0.0,0.0,0.0,0.0,9.0,1800,2019-11-26T09:10:09Z,2025-09-22,2199,2019-11-26 09:10:09+00:00,2025-09-22 00:00:00+00:00,72.24047306176084,24.916780354706685,High Activity
flatironinstitute/CaImAn,24964,medium,43,1.722480371735299,0.0,0.0,0.0,2.0,2.0,39.0,0.0,0.0,0.0,0.0,0.0,0.0,0.0,0.0,0.0,0.0,43.0,4856,2015-08-06T13:58:45Z,2025-07-17,3772,2015-08-06 13:58:45+00:00,2025-07-17 00:00:00+00:00,123.91590013140603,39.187868504772005,High Activity
google/automl,22342,medium,0,0.0,0.0,0.0,0.0,0.0,0.0,0.0,0.0,0.0,0.0,0.0,0.0,0.0,0.0,0.0,0.0,0.0,0.0,733,2020-03-12T03:52:47Z,2025-03-02,2092,2020-03-12 03:52:47+00:00,2025-03-02 00:00:00+00:00,68.72536136662286,10.66564053537285,Low Activity
google/qkeras,23397,medium,5,0.0,5.0,0.0,0.0,0.0,0.0,0.0,0.0,0.0,0.0,0.0,0.0,0.0,0.0,0.0,0.0,0.0,0.0,451,2019-08-06T22:11:58Z,2025-06-13,2311,2019-08-06 22:11:58+00:00,2025-06-13 00:00:00+00:00,75.91984231274638,5.940475984422329,Low Activity
google-research/meta-dataset,15178,medium,1,0.06588483331137172,0.0,0.0,0.0,0.0,0.0,0.0,0.0,0.0,0.0,0.0,0.0,1.0,0.0,0.0,0.0,0.0,1.0,319,2019-03-05T18:39:08Z,2024-05-24,2465,2019-03-05 18:39:08+00:00,2024-05-24 00:00:00+00:00,80.97897503285151,3.939294117647059,Low Activity
google-research/tensor2robot,16147,medium,1,0.0,1.0,0.0,0.0,0.0,0.0,0.0,0.0,0.0,0.0,0.0,0.0,0.0,0.0,0.0,0.0,0.0,0.0,237,2019-05-13T16:28:37Z,2024-08-19,2396,2019-05-13 16:28:37+00:00,2024-08-19 00:00:00+00:00,78.71222076215506,3.010968280467446,Low Activity
GRAAL-Research/poutyne,12874,medium,4,0.31070374398011497,0.0,0.0,4.0,0.0,0.0,0.0,0.0,0.0,0.0,0.0,0.0,0.0,0.0,0.0,0.0,0.0,4.0,774,2017-12-07T18:30:17Z,2025-05-05,2918,2017-12-07 18:30:17+00:00,2025-05-05 00:00:00+00:00,95.86070959264126,8.074215215901303,Low Activity
IBM/AIF360,13835,medium,247,17.058185760751716,8.0,0.0,141.0,33.0,7.0,5.0,0.0,41.0,0.0,9.0,0.0,0.0,3.0,0.0,0.0,0.0,236.0,438,2018-08-22T20:47:15Z,2024-12-10,2660,2018-08-22 20:47:15+00:00,2024-12-10 00:00:00+00:00,87.3850197109067,5.012300751879699,Low Activity
IBM/AIX360,17132,medium,273,15.001167406023814,16.0,0.0,140.0,45.0,32.0,15.0,4.0,19.0,0.0,2.0,0.0,0.0,0.0,0.0,0.0,0.0,257.0,633,2019-07-11T07:17:48Z,2025-02-26,2337,2019-07-11 07:17:48+00:00,2025-02-26 00:00:00+00:00,76.77398160315374,8.244980744544288,Low Activity
interpretml/interpret-community,10499,medium,76,5.905324316601581,14.0,1.0,35.0,0.0,17.0,0.0,0.0,9.0,0.0,0.0,0.0,0.0,0.0,0.0,0.0,0.0,62.0,486,2019-09-25T15:43:56Z,2025-02-07,2261,2019-09-25 15:43:56+00:00,2025-02-07 00:00:00+00:00,74.2772667542707,6.543051747014595,Low Activity
jantic/DeOldify,12886,medium,5,0.3880180040353873,0.0,0.0,2.0,0.0,0.0,0.0,0.0,0.0,0.0,3.0,0.0,0.0,0.0,0.0,0.0,0.0,5.0,524,2018-10-31T23:32:34Z,2024-10-19,2590,2018-10-31 23:32:34+00:00,2024-10-19 00:00:00+00:00,85.08541392904073,6.158517374517375,Low Activity
keras-team/keras-tuner,10943,medium,20,0.18276523805172257,18.0,0.0,2.0,0.0,0.0,0.0,0.0,0.0,0.0,0.0,0.0,0.0,0.0,0.0,0.0,0.0,2.0,1087,2019-06-06T22:38:21Z,2024-06-24,2372,2019-06-06 22:38:21+00:00,2024-06-24 00:00:00+00:00,77.92378449408672,13.949527824620576,Low Activity
kermitt2/delft,11351,medium,6,0.5285877896220597,0.0,0.0,6.0,0.0,0.0,0.0,0.0,0.0,0.0,0.0,0.0,0.0,0.0,0.0,0.0,0.0,6.0,942,2018-04-13T22:15:32Z,2025-05-19,2791,2018-04-13 22:15:32+00:00,2025-05-19 00:00:00+00:00,91.688567674113,10.273908993192405,Low Activity
KevinMusgrave/pytorch-metric-learning,15569,medium,77,4.945725480120752,0.0,75.0,0.0,0.0,0.0,0.0,2.0,0.0,0.0,0.0,0.0,0.0,0.0,0.0,0.0,0.0,77.0,1309,2019-10-23T17:20:35Z,2025-08-17,2233,2019-10-23 17:20:35+00:00,2025-08-17 00:00:00+00:00,73.3574244415243,17.844137931034485,High Activity
koaning/scikit-lego,10542,medium,193,10.055018023145513,87.0,0.0,67.0,28.0,0.0,9.0,0.0,2.0,0.0,0.0,0.0,0.0,0.0,0.0,0.0,0.0,106.0,569,2019-01-21T15:30:15Z,2025-09-15,2508,2019-01-21 15:30:15+00:00,2025-09-15 00:00:00+00:00,82.3915900131406,6.906044657097289,Low Activity
kubeflow/examples,11038,medium,39,3.2614604094944735,1.0,0.0,22.0,9.0,0.0,3.0,0.0,2.0,0.0,0.0,0.0,0.0,2.0,0.0,0.0,0.0,36.0,544,2018-02-01T21:13:10Z,2025-04-14,2862,2018-02-01 21:13:10+00:00,2025-04-14 00:00:00+00:00,94.02102496714849,5.785939902166317,Low Activity
kubeflow/katib,15845,medium,3,0.18933417481855475,0.0,2.0,0.0,0.0,0.0,0.0,1.0,0.0,0.0,0.0,0.0,0.0,0.0,0.0,0.0,0.0,3.0,1361,2018-04-03T17:07:12Z,2025-09-24,2801,2018-04-03 17:07:12+00:00,2025-09-24 00:00:00+00:00,92.01708278580814,14.790731881470904,Low Activity
l3p-cv/lost,15154,medium,30,1.9796753332453478,0.0,0.0,12.0,15.0,2.0,0.0,0.0,1.0,0.0,0.0,0.0,0.0,0.0,0.0,0.0,0.0,30.0,2908,2018-11-12T16:04:39Z,2025-09-24,2578,2018-11-12 16:04:39+00:00,2025-09-24 00:00:00+00:00,84.69119579500656,34.336508921644686,High Activity
lab-ml/labml,16420,medium,18,1.0353227771010962,1.0,9.0,2.0,0.0,6.0,0.0,0.0,0.0,0.0,0.0,0.0,0.0,0.0,0.0,0.0,0.0,17.0,2362,2018-11-16T09:34:48Z,2025-04-10,2574,2018-11-16 09:34:48+00:00,2025-04-10 00:00:00+00:00,84.5597897503285,27.932898212898216,High Activity
learnables/cherry,11180,medium,4,0.35778175313059035,0.0,4.0,0.0,0.0,0.0,0.0,0.0,0.0,0.0,0.0,0.0,0.0,0.0,0.0,0.0,0.0,4.0,415,2018-11-30T01:46:38Z,2025-06-22,2561,2018-11-30 01:46:38+00:00,2025-06-22 00:00:00+00:00,84.13272010512483,4.932682545880516,Low Activity
limbo018/DREAMPlace,14304,medium,154,10.766219239373601,0.0,8.0,0.0,0.0,0.0,0.0,146.0,0.0,0.0,0.0,0.0,0.0,0.0,0.0,0.0,0.0,154.0,787,2019-02-28T06:09:05Z,2025-09-27,2470,2019-02-28 06:09:05+00:00,2025-09-27 00:00:00+00:00,81.14323258869908,9.6988987854251,Low Activity
MIC-DKFZ/nnUNet,14017,medium,5,0.35670970963829635,0.0,0.0,0.0,4.0,1.0,0.0,0.0,0.0,0.0,0.0,0.0,0.0,0.0,0.0,0.0,0.0,5.0,1773,2019-04-17T08:10:56Z,2025-08-15,2422,2019-04-17 08:10:56+00:00,2025-08-15 00:00:00+00:00,79.56636005256242,22.283286540049545,High Activity
microsoft/hummingbird,14949,medium,76,3.0771289049434745,30.0,0.0,35.0,1.0,0.0,2.0,6.0,2.0,0.0,0.0,0.0,0.0,0.0,0.0,0.0,0.0,46.0,481,2020-03-12T20:27:03Z,2025-07-17,2092,2020-03-12 20:27:03+00:00,2025-07-17 00:00:00+00:00,68.72536136662286,6.998871892925431,Low Activity
mittagessen/kraken,13974,medium,0,0.0,0.0,0.0,0.0,0.0,0.0,0.0,0.0,0.0,0.0,0.0,0.0,0.0,0.0,0.0,0.0,0.0,0.0,2290,2015-05-19T09:24:38Z,2025-09-25,3851,2015-05-19 09:24:38+00:00,2025-09-25 00:00:00+00:00,126.51116951379763,18.101168527655155,High Activity
mljar/mljar-supervised,19321,medium,292,15.061332229180683,0.0,0.0,218.0,16.0,49.0,0.0,0.0,8.0,0.0,0.0,0.0,0.0,1.0,0.0,0.0,0.0,291.0,1239,2018-11-05T12:58:04Z,2025-07-07,2585,2018-11-05 12:58:04+00:00,2025-07-07 00:00:00+00:00,84.92115637319316,14.590003868471955,Low Activity
mpariente/asteroid,19013,medium,63,3.260926734339662,0.0,0.0,42.0,1.0,16.0,0.0,3.0,0.0,0.0,0.0,0.0,0.0,1.0,0.0,0.0,0.0,62.0,918,2019-10-18T07:48:15Z,2025-07-23,2238,2019-10-18 07:48:15+00:00,2025-07-23 00:00:00+00:00,73.52168199737187,12.486112600536194,Low Activity
namisan/mt-dnn,13012,medium,1,0.0768521364893944,0.0,0.0,0.0,0.0,0.0,0.0,1.0,0.0,0.0,0.0,0.0,0.0,0.0,0.0,0.0,0.0,1.0,582,2019-02-19T22:58:26Z,2024-03-07,2479,2019-02-19 22:58:26+00:00,2024-03-07 00:00:00+00:00,81.4388961892247,7.146462283178701,Low Activity
nanoporetech/medaka,13952,medium,4,0.286697247706422,0.0,0.0,1.0,0.0,0.0,0.0,3.0,0.0,0.0,0.0,0.0,0.0,0.0,0.0,0.0,0.0,4.0,1494,2017-06-07T14:01:06Z,2025-08-19,3101,2017-06-07 14:01:06+00:00,2025-08-19 00:00:00+00:00,101.87253613666228,14.665385359561434,Low Activity
norse/norse,14090,medium,11,0.7806955287437899,0.0,5.0,1.0,0.0,0.0,0.0,5.0,0.0,0.0,0.0,0.0,0.0,0.0,0.0,0.0,0.0,11.0,412,2019-11-22T00:00:15Z,2025-09-23,2204,2019-11-22 00:00:15+00:00,2025-09-23 00:00:00+00:00,72.40473061760841,5.690235934664247,Low Activity
nussl/nussl,15649,medium,14,0.830724007923829,1.0,0.0,1.0,3.0,0.0,6.0,3.0,0.0,0.0,0.0,0.0,0.0,0.0,0.0,0.0,0.0,13.0,1030,2015-06-24T18:28:34Z,2024-12-09,3815,2015-06-24 18:28:34+00:00,2024-12-09 00:00:00+00:00,125.32851511169514,8.218401048492792,Low Activity
nutonomy/nuscenes-devkit,14748,medium,23,1.5595334960672633,0.0,0.0,1.0,0.0,0.0,20.0,0.0,0.0,2.0,0.0,0.0,0.0,0.0,0.0,0.0,0.0,23.0,238,2018-09-06T19:04:28Z,2025-08-28,2645,2018-09-06 19:04:28+00:00,2025-08-28 00:00:00+00:00,86.892247043364,2.739024574669187,Low Activity
onnx/onnxmltools,25210,medium,30,0.8726695755652518,8.0,0.0,13.0,4.0,2.0,0.0,0.0,3.0,0.0,0.0,0.0,0.0,0.0,0.0,0.0,0.0,22.0,336,2018-02-16T20:37:33Z,2025-06-10,2847,2018-02-16 20:37:33+00:00,2025-06-10 00:00:00+00:00,93.52825229960578,3.5924973656480508,Low Activity
OpenNMT/OpenNMT-py,26821,medium,10,0.33555795831624474,1.0,2.0,4.0,2.0,0.0,0.0,1.0,0.0,0.0,0.0,0.0,0.0,0.0,0.0,0.0,0.0,9.0,2895,2017-02-22T19:01:50Z,2024-06-27,3206,2017-02-22 19:01:50+00:00,2024-06-27 00:00:00+00:00,105.32194480946123,27.48714909544604,High Activity
openvinotoolkit/model_server,13305,medium,0,0.0,0.0,0.0,0.0,0.0,0.0,0.0,0.0,0.0,0.0,0.0,0.0,0.0,0.0,0.0,0.0,0.0,0.0,3155,2018-09-26T16:40:53Z,2025-09-25,2625,2018-09-26 16:40:53+00:00,2025-09-25 00:00:00+00:00,86.23521681997372,36.58598095238096,High Activity
PacktPublishing/Deep-Reinforcement-Learning-Hands-On,11006,medium,3,0.27257859349445757,0.0,3.0,0.0,0.0,0.0,0.0,0.0,0.0,0.0,0.0,0.0,0.0,0.0,0.0,0.0,0.0,3.0,1200,2018-03-16T03:57:42Z,2025-05-09,2819,2018-03-16 03:57:42+00:00,2025-05-09 00:00:00+00:00,92.60840998685939,12.957786449095426,Low Activity
pyannote/pyannote-audio,10618,medium,2,0.0,2.0,0.0,0.0,0.0,0.0,0.0,0.0,0.0,0.0,0.0,0.0,0.0,0.0,0.0,0.0,0.0,0.0,2402,2016-03-07T17:26:15Z,2025-09-09,3558,2016-03-07 17:26:15+00:00,2025-09-09 00:00:00+00:00,116.88567674113008,20.549994378864533,High Activity
pytorch/text,14307,medium,3,0.20968756552736423,0.0,1.0,0.0,0.0,0.0,0.0,2.0,0.0,0.0,0.0,0.0,0.0,0.0,0.0,0.0,0.0,3.0,1313,2016-12-12T00:56:03Z,2025-09-10,3279,2016-12-12 00:56:03+00:00,2025-09-10 00:00:00+00:00,107.72010512483574,12.188996645318696,Low Activity
pytorch/tutorials,14427,medium,20,1.3169751161017538,1.0,13.0,3.0,0.0,2.0,0.0,1.0,0.0,0.0,0.0,0.0,0.0,0.0,0.0,0.0,0.0,19.0,2771,2016-09-30T23:48:36Z,2025-09-26,3351,2016-09-30 23:48:36+00:00,2025-09-26 00:00:00+00:00,110.08541392904073,25.17136377200836,High Activity
QData/TextAttack,25560,medium,8,0.3129890453834116,0.0,2.0,5.0,0.0,0.0,0.0,1.0,0.0,0.0,0.0,0.0,0.0,0.0,0.0,0.0,0.0,8.0,2772,2019-10-15T00:51:44Z,2025-07-10,2242,2019-10-15 00:51:44+00:00,2025-07-10 00:00:00+00:00,73.65308804204993,37.63589652096343,High Activity
quantumblacklabs/kedro,24084,medium,32,1.328682943032719,0.0,0.0,9.0,0.0,21.0,2.0,0.0,0.0,0.0,0.0,0.0,0.0,0.0,0.0,0.0,0.0,32.0,4147,2019-04-18T10:29:56Z,2025-09-21,2421,2019-04-18 10:29:56+00:00,2025-09-21 00:00:00+00:00,79.5335085413929,52.141544816191654,High Activity
ria-com/nomeroff-net,10722,medium,13,1.212460361872785,0.0,0.0,1.0,0.0,3.0,6.0,3.0,0.0,0.0,0.0,0.0,0.0,0.0,0.0,0.0,0.0,13.0,1542,2018-12-10T13:56:51Z,2025-09-26,2550,2018-12-10 13:56:51+00:00,2025-09-26 00:00:00+00:00,83.77135348226018,18.40724705882353,High Activity
scikit-learn-contrib/imbalanced-learn,16049,medium,71,0.9346376721291046,56.0,0.0,6.0,7.0,1.0,0.0,0.0,1.0,0.0,0.0,0.0,0.0,0.0,0.0,0.0,0.0,15.0,896,2014-08-16T05:08:26Z,2025-08-14,4127,2014-08-16 05:08:26+00:00,2025-08-14 00:00:00+00:00,135.57818659658344,6.608732735643325,Low Activity
SeldonIO/alibi,20797,medium,81,3.26970236091744,13.0,0.0,6.0,4.0,45.0,3.0,2.0,8.0,0.0,0.0,0.0,0.0,0.0,0.0,0.0,0.0,68.0,677,2019-02-26T10:10:56Z,2025-09-23,2472,2019-02-26 10:10:56+00:00,2025-09-23 00:00:00+00:00,81.2089356110381,8.336521035598706,Low Activity
SeldonIO/alibi-detect,24028,medium,62,1.1236890294656234,34.0,2.0,7.0,0.0,14.0,0.0,0.0,3.0,0.0,0.0,0.0,1.0,1.0,0.0,0.0,0.0,27.0,746,2019-10-07T13:29:13Z,2025-09-03,2249,2019-10-07 13:29:13+00:00,2025-09-03 00:00:00+00:00,73.88304862023652,10.097038683859495,Low Activity
skorch-dev/skorch,20587,medium,31,1.4572302909603148,1.0,1.0,9.0,6.0,9.0,0.0,2.0,3.0,0.0,0.0,0.0,0.0,0.0,0.0,0.0,0.0,30.0,1123,2017-07-18T00:13:54Z,2025-08-15,3061,2017-07-18 00:13:54+00:00,2025-08-15 00:00:00+00:00,100.55847568988173,11.167631492976152,Low Activity
slundberg/shap,23375,medium,255,9.454545454545455,27.0,4.0,44.0,17.0,17.0,3.0,0.0,136.0,0.0,0.0,0.0,0.0,0.0,7.0,0.0,0.0,221.0,2867,2016-11-22T19:17:08Z,2025-09-26,3298,2016-11-22 19:17:08+00:00,2025-09-26 00:00:00+00:00,108.3442838370565,26.46194057004245,High Activity
snap-stanford/ogb,21473,medium,144,6.706096027569506,0.0,36.0,70.0,0.0,38.0,0.0,0.0,0.0,0.0,0.0,0.0,0.0,0.0,0.0,0.0,0.0,144.0,679,2019-11-22T22:13:57Z,2025-05-06,2203,2019-11-22 22:13:57+00:00,2025-05-06 00:00:00+00:00,72.3718791064389,9.382097140263276,Low Activity
SPFlow/SPFlow,16505,medium,2,0.12117540139351712,0.0,0.0,0.0,0.0,0.0,2.0,0.0,0.0,0.0,0.0,0.0,0.0,0.0,0.0,0.0,0.0,2.0,650,2018-03-20T11:32:00Z,2025-04-04,2815,2018-03-20 11:32:00+00:00,2025-04-04 00:00:00+00:00,92.47700394218134,7.028774422735347,Low Activity
sql-machine-learning/elasticdl,21950,medium,19,0.18223234624145787,15.0,0.0,2.0,0.0,0.0,0.0,0.0,0.0,0.0,2.0,0.0,0.0,0.0,0.0,0.0,0.0,4.0,1829,2018-10-22T23:53:10Z,2024-01-26,2599,2018-10-22 23:53:10+00:00,2024-01-26 00:00:00+00:00,85.38107752956635,21.421608310888804,High Activity
tensorflow/io,26222,medium,4,0.15254366562428495,0.0,0.0,4.0,0.0,0.0,0.0,0.0,0.0,0.0,0.0,0.0,0.0,0.0,0.0,0.0,0.0,4.0,1700,2018-11-09T22:44:05Z,2025-04-10,2581,2018-11-09 22:44:05+00:00,2025-04-10 00:00:00+00:00,84.78975032851511,20.04959318093762,High Activity
tensorflow/quantum,15821,medium,4,0.0,0.0,0.0,0.0,0.0,0.0,0.0,0.0,0.0,0.0,0.0,0.0,0.0,0.0,4.0,0.0,0.0,0.0,934,2020-02-06T19:58:35Z,2025-09-14,2127,2020-02-06 19:58:35+00:00,2025-09-14 00:00:00+00:00,69.87516425755584,13.36669487541138,Low Activity
tensorflow/text,18446,medium,4,0.0,4.0,0.0,0.0,0.0,0.0,0.0,0.0,0.0,0.0,0.0,0.0,0.0,0.0,0.0,0.0,0.0,0.0,922,2019-05-29T22:10:03Z,2025-08-18,2380,2019-05-29 22:10:03+00:00,2025-08-18 00:00:00+00:00,78.18659658344284,11.792302521008404,Low Activity
tensorflow/tfjs,12161,medium,16,0.0,16.0,0.0,0.0,0.0,0.0,0.0,0.0,0.0,0.0,0.0,0.0,0.0,0.0,0.0,0.0,0.0,0.0,6112,2018-03-05T05:41:02Z,2025-06-06,2830,2018-03-05 05:41:02+00:00,2025-06-06 00:00:00+00:00,92.96977660972405,65.74179505300353,High Activity
tf-encrypted/tf-encrypted,22814,medium,19,0.04383273428596476,18.0,0.0,1.0,0.0,0.0,0.0,0.0,0.0,0.0,0.0,0.0,0.0,0.0,0.0,0.0,0.0,1.0,605,2018-03-21T18:22:13Z,2024-09-25,2814,2018-03-21 18:22:13+00:00,2024-09-25 00:00:00+00:00,92.44415243101183,6.544491826581378,Low Activity
uber/causalml,11144,medium,187,13.280689160086144,36.0,0.0,83.0,32.0,21.0,2.0,0.0,2.0,0.0,3.0,5.0,0.0,3.0,0.0,0.0,0.0,148.0,653,2019-07-09T02:08:58Z,2025-09-26,2340,2019-07-09 02:08:58+00:00,2025-09-26 00:00:00+00:00,76.87253613666228,8.494581196581198,Low Activity
ultralytics/yolov3,11096,medium,42,3.604902667627974,1.0,0.0,9.0,7.0,7.0,0.0,2.0,15.0,0.0,0.0,0.0,0.0,0.0,0.0,1.0,0.0,40.0,2899,2018-08-26T08:57:20Z,2025-08-26,2656,2018-08-26 08:57:20+00:00,2025-08-26 00:00:00+00:00,87.25361366622865,33.22498493975904,High Activity
ultralytics/yolov5,11454,medium,46,3.8414527675921075,1.0,0.0,9.0,7.0,7.0,0.0,6.0,15.0,0.0,0.0,0.0,0.0,0.0,0.0,1.0,0.0,44.0,2916,2020-05-18T03:45:11Z,2025-09-21,2025,2020-05-18 03:45:11+00:00,2025-09-21 00:00:00+00:00,66.52431011826543,43.833600000000004,High Activity
vanvalenlab/deepcell-tf,14131,medium,19,0.7784304012454887,8.0,0.0,3.0,1.0,0.0,7.0,0.0,0.0,0.0,0.0,0.0,0.0,0.0,0.0,0.0,0.0,11.0,421,2018-05-16T17:41:14Z,2024-08-30,2758,2018-05-16 17:41:14+00:00,2024-08-30 00:00:00+00:00,90.60446780551905,4.646569978245106,Low Activity
vespa-engine/sample-apps,11979,medium,28,2.337423825027131,0.0,2.0,12.0,9.0,0.0,0.0,0.0,0.0,0.0,2.0,3.0,0.0,0.0,0.0,0.0,0.0,28.0,5644,2017-08-16T09:12:25Z,2025-09-24,3031,2017-08-16 09:12:25+00:00,2025-09-24 00:00:00+00:00,99.57293035479631,56.682071923457606,High Activity
vwxyzjn/cleanrl,12634,medium,3,0.2374544878898211,0.0,0.0,3.0,0.0,0.0,0.0,0.0,0.0,0.0,0.0,0.0,0.0,0.0,0.0,0.0,0.0,3.0,841,2019-06-07T16:31:50Z,2025-07-08,2371,2019-06-07 16:31:50+00:00,2025-07-08 00:00:00+00:00,77.8909329829172,10.797148882328132,Low Activity
yzhao062/pyod,16576,medium,32,1.5685328185328185,6.0,13.0,0.0,0.0,0.0,12.0,0.0,0.0,1.0,0.0,0.0,0.0,0.0,0.0,0.0,0.0,26.0,1895,2017-10-03T20:29:04Z,2025-04-29,2983,2017-10-03 20:29:04+00:00,2025-04-29 00:00:00+00:00,97.99605781865965,19.33751257123701,High Activity
aiqm/torchani,53385,large,34,0.636883019574787,0.0,18.0,7.0,3.0,6.0,0.0,0.0,0.0,0.0,0.0,0.0,0.0,0.0,0.0,0.0,0.0,34.0,990,2018-04-02T15:43:04Z,2025-09-09,2802,2018-04-02 15:43:04+00:00,2025-09-09 00:00:00+00:00,92.04993429697765,10.755032119914349,Low Activity
allegroai/trains,157601,large,43,0.26015063356196977,2.0,6.0,22.0,4.0,4.0,0.0,2.0,3.0,0.0,0.0,0.0,0.0,0.0,0.0,0.0,0.0,41.0,2561,2019-06-10T08:18:32Z,2025-09-26,2368,2019-06-10 08:18:32+00:00,2025-09-26 00:00:00+00:00,77.79237844940867,32.92096283783784,High Activity
apache/beam,249436,large,478,1.8842508699626357,7.0,0.0,218.0,229.0,1.0,0.0,0.0,6.0,0.0,5.0,11.0,0.0,1.0,0.0,0.0,0.0,470.0,45656,2016-02-02T08:00:06Z,2025-09-27,3592,2016-02-02 08:00:06+00:00,2025-09-27 00:00:00+00:00,118.00262812089356,386.9066369710468,High Activity
arviz-devs/arviz,33576,large,18,0.536097212294496,0.0,0.0,4.0,8.0,0.0,4.0,0.0,2.0,0.0,0.0,0.0,0.0,0.0,0.0,0.0,0.0,18.0,1614,2015-07-29T11:51:10Z,2025-09-17,3780,2015-07-29 11:51:10+00:00,2025-09-17 00:00:00+00:00,124.17871222076215,12.997396825396827,Low Activity
avrae/avrae,35896,large,0,0.0,0.0,0.0,0.0,0.0,0.0,0.0,0.0,0.0,0.0,0.0,0.0,0.0,0.0,0.0,0.0,0.0,0.0,6107,2017-02-02T04:40:12Z,2025-09-26,3226,2017-02-02 04:40:12+00:00,2025-09-26 00:00:00+00:00,105.97897503285151,57.624637321760694,High Activity
awslabs/amazon-sagemaker-examples,70067,large,219,2.9971313171678537,9.0,20.0,114.0,22.0,19.0,2.0,1.0,15.0,0.0,11.0,6.0,0.0,0.0,0.0,0.0,0.0,210.0,3175,2017-10-23T05:55:22Z,2025-09-03,2963,2017-10-23 05:55:22+00:00,2025-09-03 00:00:00+00:00,97.33902759526937,32.61795477556531,High Activity
bulletphysics/bullet3,100791,large,98,0.9623875147582622,1.0,0.0,0.0,0.0,0.0,97.0,0.0,0.0,0.0,0.0,0.0,0.0,0.0,0.0,0.0,0.0,97.0,9404,2011-04-12T18:45:08Z,2025-04-23,5349,2011-04-12 18:45:08+00:00,2025-04-23 00:00:00+00:00,175.7227332457293,53.51612637876239,High Activity
calico/basenji,39869,large,284,6.94775389400286,5.0,0.0,139.0,40.0,58.0,1.0,0.0,0.0,0.0,36.0,0.0,3.0,0.0,2.0,0.0,0.0,277.0,2009,2017-07-05T17:54:18Z,2025-05-16,3073,2017-07-05 17:54:18+00:00,2025-05-16 00:00:00+00:00,100.9526938239159,19.900410022779045,High Activity
CLUEbenchmark/CLUE,48963,large,8,0.16338868124910647,0.0,8.0,0.0,0.0,0.0,0.0,0.0,0.0,0.0,0.0,0.0,0.0,0.0,0.0,0.0,0.0,8.0,528,2019-11-22T08:25:02Z,2025-09-08,2203,2019-11-22 08:25:02+00:00,2025-09-08 00:00:00+00:00,72.3718791064389,7.295651384475715,Low Activity
commaai/openpilot,45846,large,3,0.06543646119617852,0.0,0.0,1.0,0.0,0.0,2.0,0.0,0.0,0.0,0.0,0.0,0.0,0.0,0.0,0.0,0.0,3.0,15894,2016-11-24T01:33:30Z,2025-09-27,3297,2016-11-24 01:33:30+00:00,2025-09-27 00:00:00+00:00,108.31143232588698,146.74351228389446,High Activity
creme-ml/creme,31014,large,161,3.482298316889147,53.0,0.0,55.0,13.0,9.0,3.0,0.0,24.0,0.0,4.0,0.0,0.0,0.0,0.0,0.0,0.0,108.0,3982,2019-01-24T15:18:26Z,2025-09-26,2505,2019-01-24 15:18:26+00:00,2025-09-26 00:00:00+00:00,82.29303547963205,48.38805588822356,High Activity
data-science-on-aws/workshop,95889,large,344,3.0660451146638303,42.0,15.0,122.0,116.0,13.0,14.0,1.0,6.0,0.0,3.0,4.0,0.0,8.0,0.0,0.0,0.0,294.0,3376,2020-02-29T19:33:58Z,2024-07-31,2104,2020-02-29 19:33:58+00:00,2024-07-31 00:00:00+00:00,69.11957950065703,48.84288973384031,High Activity
deepchem/deepchem,105916,large,92,0.6703425355942445,15.0,4.0,39.0,3.0,3.0,8.0,14.0,0.0,0.0,0.0,0.0,0.0,0.0,6.0,0.0,0.0,71.0,10635,2015-09-24T23:20:28Z,2025-09-24,3723,2015-09-24 23:20:28+00:00,2025-09-24 00:00:00+00:00,122.30617608409986,86.95390813859791,High Activity
deepfakes/faceswap,46036,large,2,0.02172213050656008,1.0,0.0,0.0,0.0,0.0,1.0,0.0,0.0,0.0,0.0,0.0,0.0,0.0,0.0,0.0,0.0,1.0,1840,2017-12-19T09:44:13Z,2025-09-18,2906,2017-12-19 09:44:13+00:00,2025-09-18 00:00:00+00:00,95.4664914586071,19.273778389538887,High Activity
deepmind/open_spiel,64877,large,55,0.8323442822571945,0.0,9.0,2.0,0.0,8.0,35.0,0.0,0.0,0.0,0.0,0.0,0.0,1.0,0.0,0.0,0.0,54.0,4740,2019-07-22T13:50:21Z,2025-09-24,2326,2019-07-22 13:50:21+00:00,2025-09-24 00:00:00+00:00,76.41261498028909,62.03164230438521,High Activity
determined-ai/determined,93990,large,22,0.09575486753909991,13.0,7.0,2.0,0.0,0.0,0.0,0.0,0.0,0.0,0.0,0.0,0.0,0.0,0.0,0.0,0.0,9.0,8394,2020-04-07T16:12:29Z,2025-03-20,2066,2020-04-07 16:12:29+00:00,2025-03-20 00:00:00+00:00,67.8712220762155,123.67539206195548,High Activity
dmlc/dgl,197271,large,211,0.9530037359774118,23.0,44.0,67.0,9.0,6.0,43.0,16.0,1.0,0.0,1.0,1.0,0.0,0.0,0.0,0.0,0.0,188.0,4417,2018-04-20T14:49:09Z,2025-07-31,2784,2018-04-20 14:49:09+00:00,2025-07-31 00:00:00+00:00,91.45860709592641,48.295071839080464,High Activity
facebookresearch/habitat-api,64676,large,18,0.21646360319129196,4.0,0.0,0.0,0.0,0.0,10.0,4.0,0.0,0.0,0.0,0.0,0.0,0.0,0.0,0.0,0.0,14.0,937,2019-02-04T23:12:51Z,2025-04-17,2494,2019-02-04 23:12:51+00:00,2025-04-17 00:00:00+00:00,81.9316688567674,11.436359262229352,Low Activity
facebookresearch/mmf,43269,large,9,0.2080011093392498,0.0,0.0,2.0,0.0,0.0,0.0,7.0,0.0,0.0,0.0,0.0,0.0,0.0,0.0,0.0,0.0,9.0,1108,2018-06-27T04:52:40Z,2025-04-24,2716,2018-06-27 04:52:40+00:00,2025-04-24 00:00:00+00:00,89.22470433639947,12.418085419734904,Low Activity
facebookresearch/nevergrad,32642,large,45,1.3173212425709209,2.0,0.0,26.0,8.0,4.0,3.0,1.0,0.0,1.0,0.0,0.0,0.0,0.0,0.0,0.0,0.0,43.0,1145,2018-11-21T00:33:17Z,2025-04-23,2570,2018-11-21 00:33:17+00:00,2025-04-23 00:00:00+00:00,84.42838370565046,13.561789883268482,Low Activity
facebookresearch/ReAgent,49789,large,19,0.32135612283837794,1.0,0.0,4.0,0.0,0.0,10.0,2.0,0.0,0.0,0.0,0.0,0.0,0.0,0.0,2.0,0.0,16.0,1614,2017-07-27T17:53:21Z,2025-09-02,3051,2017-07-27 17:53:21+00:00,2025-09-02 00:00:00+00:00,100.22996057818659,16.102969518190758,High Activity
feast-dev/feast,98817,large,374,3.764534442454234,0.0,0.0,223.0,137.0,2.0,0.0,0.0,4.0,0.0,5.0,1.0,0.0,2.0,0.0,0.0,0.0,372.0,4164,2018-12-10T07:20:15Z,2025-09-27,2550,2018-12-10 07:20:15+00:00,2025-09-27 00:00:00+00:00,83.77135348226018,49.706729411764705,High Activity
FederatedAI/FATE,52191,large,137,2.605813262823092,0.0,4.0,49.0,10.0,51.0,0.0,10.0,12.0,0.0,0.0,0.0,0.0,1.0,0.0,0.0,0.0,136.0,13850,2019-01-24T10:32:43Z,2024-11-19,2505,2019-01-24 10:32:43+00:00,2024-11-19 00:00:00+00:00,82.29303547963205,168.30099800399205,High Activity
flairNLP/flair,35868,large,20,0.5576000892160142,0.0,0.0,0.0,0.0,0.0,0.0,20.0,0.0,0.0,0.0,0.0,0.0,0.0,0.0,0.0,0.0,20.0,6684,2018-06-11T11:04:18Z,2025-06-12,2732,2018-06-11 11:04:18+00:00,2025-06-12 00:00:00+00:00,89.75032851511169,74.47326500732065,High Activity
freewym/espresso,141225,large,58,0.3965303593556382,2.0,0.0,6.0,3.0,0.0,0.0,47.0,0.0,0.0,0.0,0.0,0.0,0.0,0.0,0.0,0.0,56.0,2439,2018-12-02T02:48:48Z,2024-09-04,2559,2018-12-02 02:48:48+00:00,2024-09-04 00:00:00+00:00,84.06701708278581,29.012567409144197,High Activity
galaxyproject/galaxy,351424,large,0,0.0,0.0,0.0,0.0,0.0,0.0,0.0,0.0,0.0,0.0,0.0,0.0,0.0,0.0,0.0,0.0,0.0,0.0,85630,2015-02-23T14:18:06Z,2025-09-27,3936,2015-02-23 14:18:06+00:00,2025-09-27 00:00:00+00:00,129.3035479632063,662.2401422764227,High Activity
geomstats/geomstats,52651,large,12,0.2279158990332567,0.0,0.0,9.0,1.0,0.0,0.0,0.0,2.0,0.0,0.0,0.0,0.0,0.0,0.0,0.0,0.0,12.0,10874,2017-10-25T00:44:57Z,2025-09-26,2962,2017-10-25 00:44:57+00:00,2025-09-26 00:00:00+00:00,97.30617608409986,111.75035786630656,High Activity
google/clusterfuzz,106396,large,0,0.0,0.0,0.0,0.0,0.0,0.0,0.0,0.0,0.0,0.0,0.0,0.0,0.0,0.0,0.0,0.0,0.0,0.0,3690,2019-01-29T00:19:40Z,2025-09-26,2501,2019-01-29 00:19:40+00:00,2025-09-26 00:00:00+00:00,82.16162943495401,44.911475409836065,High Activity
google/flax,64703,large,31,0.12364187131972242,23.0,0.0,3.0,2.0,3.0,0.0,0.0,0.0,0.0,0.0,0.0,0.0,0.0,0.0,0.0,0.0,8.0,5358,2020-01-10T09:48:37Z,2025-09-26,2154,2020-01-10 09:48:37+00:00,2025-09-26 00:00:00+00:00,70.76215505913272,75.7184401114206,High Activity
google/tf-quant-finance,50669,large,5,0.09867966606801003,0.0,0.0,0.0,1.0,0.0,4.0,0.0,0.0,0.0,0.0,0.0,0.0,0.0,0.0,0.0,0.0,5.0,960,2019-07-24T16:09:50Z,2025-03-21,2324,2019-07-24 16:09:50+00:00,2025-03-21 00:00:00+00:00,76.34691195795006,12.574182444061965,Low Activity
GoogleCloudPlatform/professional-services,82363,large,117,1.3112684093585711,1.0,0.0,69.0,22.0,4.0,0.0,0.0,3.0,0.0,10.0,0.0,0.0,8.0,0.0,0.0,0.0,108.0,2324,2017-05-18T19:29:27Z,2025-09-24,3121,2017-05-18 19:29:27+00:00,2025-09-24 00:00:00+00:00,102.52956636005256,22.66663248958667,High Activity
GoogleCloudPlatform/python-docs-samples,138315,large,19,0.1373676029353288,0.0,0.0,13.0,4.0,0.0,2.0,0.0,0.0,0.0,0.0,0.0,0.0,0.0,0.0,0.0,0.0,19.0,11996,2015-05-04T23:26:13Z,2025-09-26,3866,2015-05-04 23:26:13+00:00,2025-09-26 00:00:00+00:00,127.00394218134034,94.45376099327471,High Activity
GoogleCloudPlatform/training-data-analyst,108122,large,87,0.5734263147185586,25.0,0.0,35.0,21.0,0.0,3.0,0.0,2.0,0.0,0.0,1.0,0.0,0.0,0.0,0.0,0.0,62.0,7963,2016-04-17T21:39:27Z,2025-09-16,3517,2016-04-17 21:39:27+00:00,2025-09-16 00:00:00+00:00,115.53876478318003,68.9205914131362,High Activity
google-research/google-research,1307312,large,2015,1.4388302103858912,97.0,24.0,891.0,322.0,245.0,184.0,31.0,71.0,0.0,84.0,26.0,3.0,11.0,26.0,0.0,0.0,1881.0,4848,2018-10-04T18:42:48Z,2025-09-17,2617,2018-10-04 18:42:48+00:00,2025-09-17 00:00:00+00:00,85.97240473061761,56.39018723729461,High Activity
guildai/guildai,51790,large,18,0.3475574435219154,0.0,4.0,6.0,3.0,0.0,2.0,0.0,2.0,0.0,1.0,0.0,0.0,0.0,0.0,0.0,0.0,18.0,5779,2017-09-27T18:57:50Z,2025-04-29,2989,2017-09-27 18:57:50+00:00,2025-04-29 00:00:00+00:00,98.19316688567673,58.85338240214119,High Activity
heartexlabs/label-studio,52356,large,9,0.1719000687600275,0.0,0.0,3.0,0.0,6.0,0.0,0.0,0.0,0.0,0.0,0.0,0.0,0.0,0.0,0.0,0.0,9.0,5537,2019-06-19T02:00:44Z,2025-09-26,2360,2019-06-19 02:00:44+00:00,2025-09-26 00:00:00+00:00,77.52956636005256,71.4179152542373,High Activity
home-assistant/core,2109291,large,0,0.0,0.0,0.0,0.0,0.0,0.0,0.0,0.0,0.0,0.0,0.0,0.0,0.0,0.0,0.0,0.0,0.0,0.0,99340,2013-09-17T07:29:48Z,2025-09-28,4460,2013-09-17 07:29:48+00:00,2025-09-28 00:00:00+00:00,146.51773981603154,678.0066367713005,High Activity
huggingface/transformers,988895,large,214,0.2093245491179549,3.0,96.0,13.0,8.0,5.0,2.0,73.0,3.0,0.0,5.0,2.0,0.0,0.0,0.0,4.0,0.0,207.0,20591,2018-10-29T13:56:00Z,2025-09-26,2592,2018-10-29 13:56:00+00:00,2025-09-26 00:00:00+00:00,85.15111695137976,241.8171450617284,High Activity
huseinzol05/Malaya,603277,large,49,0.07459260008254914,1.0,14.0,5.0,3.0,6.0,0.0,17.0,0.0,0.0,0.0,0.0,0.0,0.0,3.0,0.0,0.0,45.0,942,2018-03-12T02:23:35Z,2025-08-29,2824,2018-03-12 02:23:35+00:00,2025-08-29 00:00:00+00:00,92.77266754270696,10.153852691218132,Low Activity
IBM/adversarial-robustness-toolbox,80632,large,266,1.79829348149618,119.0,36.0,12.0,7.0,0.0,1.0,89.0,0.0,0.0,0.0,0.0,0.0,0.0,2.0,0.0,0.0,145.0,13028,2018-03-15T14:40:43Z,2025-09-25,2820,2018-03-15 14:40:43+00:00,2025-09-25 00:00:00+00:00,92.64126149802891,140.62848226950354,High Activity
IBM/lale,80917,large,566,2.681760322305572,349.0,0.0,62.0,16.0,135.0,0.0,0.0,4.0,0.0,0.0,0.0,0.0,0.0,0.0,0.0,0.0,217.0,1540,2019-08-06T14:39:27Z,2025-09-19,2311,2019-08-06 14:39:27+00:00,2025-09-19 00:00:00+00:00,75.91984231274638,20.2845521419299,High Activity
jrzaurin/pytorch-widedeep,32158,large,130,3.669382424280117,12.0,2.0,66.0,28.0,11.0,0.0,1.0,2.0,0.0,6.0,2.0,0.0,0.0,0.0,0.0,0.0,118.0,965,2017-10-21T08:11:44Z,2025-09-27,2965,2017-10-21 08:11:44+00:00,2025-09-27 00:00:00+00:00,97.40473061760841,9.907116357504217,Low Activity
kornia/kornia,84657,large,19,0.16537321190214632,5.0,1.0,0.0,0.0,0.0,0.0,13.0,0.0,0.0,0.0,0.0,0.0,0.0,0.0,0.0,0.0,14.0,2965,2018-08-22T10:31:37Z,2025-09-27,2660,2018-08-22 10:31:37+00:00,2025-09-27 00:00:00+00:00,87.3850197109067,33.9303007518797,High Activity
kubeflow/kfserving,62085,large,21,0.32213900297978576,1.0,0.0,10.0,4.0,5.0,0.0,0.0,0.0,0.0,1.0,0.0,0.0,0.0,0.0,0.0,0.0,20.0,1896,2019-03-27T21:14:14Z,2025-09-25,2443,2019-03-27 21:14:14+00:00,2025-09-25 00:00:00+00:00,80.2562417871222,23.624330740892347,High Activity
kubeflow/pipelines,110404,large,13,0.10869171406833086,1.0,0.0,8.0,0.0,0.0,0.0,4.0,0.0,0.0,0.0,0.0,0.0,0.0,0.0,0.0,0.0,12.0,6514,2018-05-12T00:31:47Z,2025-09-26,2763,2018-05-12 00:31:47+00:00,2025-09-26 00:00:00+00:00,90.76872536136662,71.76480636988781,High Activity
magenta/magenta,44690,large,2,0.022376370552696354,1.0,0.0,0.0,0.0,0.0,1.0,0.0,0.0,0.0,0.0,0.0,0.0,0.0,0.0,0.0,0.0,1.0,1425,2016-05-05T20:10:40Z,2025-07-08,3499,2016-05-05 20:10:40+00:00,2025-07-08 00:00:00+00:00,114.94743758212877,12.396970563018005,Low Activity
microsoft/ai-edu,31803,large,167,5.251076942426815,0.0,0.0,4.0,0.0,1.0,162.0,0.0,0.0,0.0,0.0,0.0,0.0,0.0,0.0,0.0,0.0,167.0,694,2018-11-16T04:36:22Z,2024-05-16,2574,2018-11-16 04:36:22+00:00,2024-05-16 00:00:00+00:00,84.5597897503285,8.207210567210568,Low Activity
microsoft/botbuilder-python,47236,large,0,0.0,0.0,0.0,0.0,0.0,0.0,0.0,0.0,0.0,0.0,0.0,0.0,0.0,0.0,0.0,0.0,0.0,0.0,1826,2018-01-10T23:07:09Z,2025-05-28,2884,2018-01-10 23:07:09+00:00,2025-05-28 00:00:00+00:00,94.7437582128778,19.273037447988905,High Activity
microsoft/DeepSpeed,96442,large,84,0.8191451857074719,3.0,76.0,1.0,0.0,0.0,0.0,2.0,0.0,0.0,0.0,0.0,0.0,0.0,0.0,2.0,0.0,79.0,2931,2020-01-23T18:35:18Z,2025-09-27,2141,2020-01-23 18:35:18+00:00,2025-09-27 00:00:00+00:00,70.33508541392904,41.671947687996266,High Activity
microsoft/MMdnn,27846,large,2,0.07182360123536594,0.0,0.0,0.0,0.0,0.0,0.0,2.0,0.0,0.0,0.0,0.0,0.0,0.0,0.0,0.0,0.0,2.0,1085,2017-08-16T08:03:52Z,2025-08-07,3031,2017-08-16 08:03:52+00:00,2025-08-07 00:00:00+00:00,99.57293035479631,10.896535796766745,Low Activity
mindsdb/mindsdb,134139,large,1189,8.849029737809287,0.0,0.0,896.0,104.0,114.0,0.0,0.0,41.0,0.0,28.0,4.0,0.0,2.0,0.0,0.0,0.0,1187.0,19670,2018-08-02T17:56:45Z,2025-09-25,2680,2018-08-02 17:56:45+00:00,2025-09-25 00:00:00+00:00,88.04204993429697,223.41597014925375,High Activity
mlflow/mlflow,320527,large,1070,2.695560748392491,206.0,3.0,707.0,52.0,34.0,5.0,9.0,45.0,0.0,9.0,0.0,0.0,0.0,0.0,0.0,0.0,864.0,8857,2018-06-05T16:05:58Z,2025-09-28,2738,2018-06-05 16:05:58+00:00,2025-09-28 00:00:00+00:00,89.94743758212877,98.46861943024106,High Activity
mlperf/inference,52082,large,70,1.2864329326830766,0.0,0.0,15.0,16.0,24.0,0.0,5.0,0.0,0.0,3.0,4.0,0.0,3.0,0.0,0.0,0.0,67.0,1824,2018-09-13T01:53:57Z,2025-09-24,2639,2018-09-13 01:53:57+00:00,2025-09-24 00:00:00+00:00,86.69513797634691,21.039242137173172,High Activity
mlperf/training,78482,large,14,0.17838485257766112,0.0,9.0,3.0,0.0,0.0,0.0,2.0,0.0,0.0,0.0,0.0,0.0,0.0,0.0,0.0,0.0,14.0,379,2018-03-29T21:56:06Z,2025-09-22,2806,2018-03-29 21:56:06+00:00,2025-09-22 00:00:00+00:00,92.18134034165571,4.111461154668567,Low Activity
mozilla/bugbug,28261,large,152,5.37843671490747,0.0,0.0,8.0,0.0,143.0,0.0,0.0,0.0,0.0,1.0,0.0,0.0,0.0,0.0,0.0,0.0,152.0,6468,2018-03-12T15:29:09Z,2025-09-26,2823,2018-03-12 15:29:09+00:00,2025-09-26 00:00:00+00:00,92.73981603153744,69.74350690754517,High Activity
NVIDIA/DeepLearningExamples,294144,large,321,1.0335073977371627,5.0,19.0,109.0,79.0,35.0,0.0,9.0,36.0,0.0,7.0,9.0,0.0,0.0,12.0,0.0,1.0,304.0,1437,2018-05-02T17:04:05Z,2024-04-04,2772,2018-05-02 17:04:05+00:00,2024-04-04 00:00:00+00:00,91.06438896189225,15.78004329004329,High Activity
NVIDIA/Megatron-LM,135466,large,54,0.37647823069995423,2.0,12.0,4.0,0.0,0.0,0.0,35.0,0.0,0.0,0.0,0.0,0.0,0.0,0.0,1.0,0.0,51.0,7253,2019-03-21T16:15:52Z,2025-09-27,2449,2019-03-21 16:15:52+00:00,2025-09-27 00:00:00+00:00,80.45335085413929,90.15162106982442,High Activity
NVIDIA/NeMo,422797,large,425,0.9957497333235571,3.0,4.0,64.0,9.0,51.0,9.0,280.0,0.0,0.0,4.0,0.0,0.0,1.0,0.0,0.0,0.0,421.0,8996,2019-08-05T20:16:42Z,2025-09-26,2312,2019-08-05 20:16:42+00:00,2025-09-26 00:00:00+00:00,75.9526938239159,118.44214532871973,High Activity
NVIDIA/TRTorch,91885,large,12,0.09794852260978397,3.0,2.0,3.0,0.0,0.0,0.0,4.0,0.0,0.0,0.0,0.0,0.0,0.0,0.0,0.0,0.0,9.0,4650,2020-03-11T17:17:43Z,2025-09-26,2093,2020-03-11 17:17:43+00:00,2025-09-26 00:00:00+00:00,68.75821287779237,67.62828475871954,High Activity
NVIDIAGameWorks/kaolin,42464,large,0,0.0,0.0,0.0,0.0,0.0,0.0,0.0,0.0,0.0,0.0,0.0,0.0,0.0,0.0,0.0,0.0,0.0,0.0,386,2019-11-14T21:09:40Z,2025-08-26,2211,2019-11-14 21:09:40+00:00,2025-08-26 00:00:00+00:00,72.634691195795,5.314265038444144,Low Activity
onnx/tensorflow-onnx,61422,large,146,0.13024649148513562,138.0,0.0,0.0,0.0,0.0,8.0,0.0,0.0,0.0,0.0,0.0,0.0,0.0,0.0,0.0,0.0,8.0,2947,2018-03-13T18:39:56Z,2025-09-12,2822,2018-03-13 18:39:56+00:00,2025-09-12 00:00:00+00:00,92.70696452036793,31.788334514528703,High Activity
opencv/cvat,94933,large,1,0.010533744851632203,0.0,0.0,0.0,0.0,0.0,0.0,1.0,0.0,0.0,0.0,0.0,0.0,0.0,0.0,0.0,0.0,1.0,5486,2018-06-29T14:02:45Z,2025-09-26,2714,2018-06-29 14:02:45+00:00,2025-09-26 00:00:00+00:00,89.15900131406045,61.53052321296978,High Activity
opencv/open_model_zoo,91679,large,30,0.3163210768005759,1.0,0.0,2.0,5.0,0.0,19.0,0.0,1.0,0.0,2.0,0.0,0.0,0.0,0.0,0.0,0.0,29.0,8757,2018-10-15T10:55:02Z,2025-09-19,2606,2018-10-15 10:55:02+00:00,2025-09-19 00:00:00+00:00,85.61103810775295,102.28821181887952,High Activity
opencv/openvino_training_extensions,70685,large,67,0.9054254792388767,3.0,0.0,12.0,12.0,0.0,2.0,35.0,0.0,0.0,3.0,0.0,0.0,0.0,0.0,0.0,0.0,64.0,1417,2018-10-26T14:02:29Z,2025-09-26,2595,2018-10-26 14:02:29+00:00,2025-09-26 00:00:00+00:00,85.2496714848883,16.621764932562623,High Activity
OpenMined/PySyft,74198,large,47,0.633440254454298,0.0,0.0,41.0,3.0,0.0,0.0,0.0,3.0,0.0,0.0,0.0,0.0,0.0,0.0,0.0,0.0,47.0,35229,2017-07-18T20:41:16Z,2025-04-13,3060,2017-07-18 20:41:16+00:00,2025-04-13 00:00:00+00:00,100.52562417871222,350.44796078431375,High Activity
open-mmlab/mmcv,27143,large,24,0.6999963158088641,5.0,8.0,0.0,0.0,0.0,2.0,9.0,0.0,0.0,0.0,0.0,0.0,0.0,0.0,0.0,0.0,19.0,1467,2018-08-22T07:05:26Z,2025-04-25,2660,2018-08-22 07:05:26+00:00,2025-04-25 00:00:00+00:00,87.3850197109067,16.787774436090224,High Activity
open-mmlab/mmdetection,161864,large,111,0.6610487816932733,4.0,0.0,4.0,0.0,0.0,7.0,96.0,0.0,0.0,0.0,0.0,0.0,0.0,0.0,0.0,0.0,107.0,2706,2018-08-22T07:06:06Z,2024-02-05,2660,2018-08-22 07:06:06+00:00,2024-02-05 00:00:00+00:00,87.3850197109067,30.96640601503759,High Activity
openvinotoolkit/openvino,145379,large,14,0.06190715302760372,5.0,0.0,2.0,1.0,0.0,2.0,4.0,0.0,0.0,0.0,0.0,0.0,0.0,0.0,0.0,0.0,9.0,20074,2018-10-15T10:54:40Z,2025-09-26,2606,2018-10-15 10:54:40+00:00,2025-09-26 00:00:00+00:00,85.61103810775295,234.47910974673832,High Activity
PaddlePaddle/models,45510,large,68,1.4941771039332015,0.0,3.0,2.0,2.0,35.0,26.0,0.0,0.0,0.0,0.0,0.0,0.0,0.0,0.0,0.0,0.0,68.0,5074,2017-04-20T13:30:15Z,2025-01-15,3149,2017-04-20 13:30:15+00:00,2025-01-15 00:00:00+00:00,103.44940867279894,49.048129564941256,High Activity
PaddlePaddle/PARL,48648,large,71,1.4594639039631638,0.0,0.0,0.0,0.0,0.0,69.0,2.0,0.0,0.0,0.0,0.0,0.0,0.0,0.0,0.0,0.0,71.0,518,2018-04-25T17:54:22Z,2025-09-13,2779,2018-04-25 17:54:22+00:00,2025-09-13 00:00:00+00:00,91.29434954007884,5.673954659949622,Low Activity
pgmpy/pgmpy,45648,large,299,5.8491062039957935,32.0,0.0,153.0,35.0,7.0,3.0,0.0,67.0,0.0,2.0,0.0,0.0,0.0,0.0,0.0,0.0,267.0,3252,2013-09-20T08:18:58Z,2025-09-26,4457,2013-09-20 08:18:58+00:00,2025-09-26 00:00:00+00:00,146.419185282523,22.21020417321068,High Activity
Project-MONAI/MONAI,150944,large,187,1.09312062751749,22.0,1.0,6.0,0.0,0.0,0.0,158.0,0.0,0.0,0.0,0.0,0.0,0.0,0.0,0.0,0.0,165.0,3270,2019-10-11T16:41:38Z,2025-09-22,2245,2019-10-11 16:41:38+00:00,2025-09-22 00:00:00+00:00,73.75164257555848,44.337995545657016,High Activity
pymc-devs/pymc3,59576,large,781,0.5371290452531221,749.0,0.0,8.0,1.0,0.0,23.0,0.0,0.0,0.0,0.0,0.0,0.0,0.0,0.0,0.0,0.0,32.0,10310,2009-05-05T09:43:50Z,2025-09-23,6056,2009-05-05 09:43:50+00:00,2025-09-23 00:00:00+00:00,198.94875164257556,51.822391017173054,High Activity
pyro-ppl/pyro,89231,large,54,0.38103349732716213,20.0,7.0,8.0,2.0,0.0,0.0,15.0,2.0,0.0,0.0,0.0,0.0,0.0,0.0,0.0,0.0,34.0,2513,2017-06-16T05:03:47Z,2025-07-09,3092,2017-06-16 05:03:47+00:00,2025-07-09 00:00:00+00:00,101.57687253613666,24.739883570504528,High Activity
pytorch/audio,40441,large,7,0.12363690314285007,2.0,3.0,0.0,0.0,0.0,0.0,2.0,0.0,0.0,0.0,0.0,0.0,0.0,0.0,0.0,0.0,5.0,2442,2017-05-05T00:38:05Z,2025-09-13,3135,2017-05-05 00:38:05+00:00,2025-09-13 00:00:00+00:00,102.98948751642575,23.711157894736843,High Activity
pytorch/botorch,89598,large,44,0.4799214268175629,1.0,24.0,0.0,1.0,1.0,0.0,17.0,0.0,0.0,0.0,0.0,0.0,0.0,0.0,0.0,0.0,43.0,2305,2018-07-30T23:59:57Z,2025-09-26,2683,2018-07-30 23:59:57+00:00,2025-09-26 00:00:00+00:00,88.14060446780552,26.15139768915393,High Activity
pytorch/captum,42238,large,6,0.09470145366731379,2.0,2.0,0.0,0.0,0.0,0.0,2.0,0.0,0.0,0.0,0.0,0.0,0.0,0.0,0.0,0.0,4.0,1367,2019-08-27T15:34:41Z,2025-09-27,2290,2019-08-27 15:34:41+00:00,2025-09-27 00:00:00+00:00,75.22996057818659,18.170951965065502,High Activity
pytorch/fairseq,145783,large,62,0.4115706220889953,2.0,2.0,8.0,3.0,0.0,0.0,47.0,0.0,0.0,0.0,0.0,0.0,0.0,0.0,0.0,0.0,60.0,2329,2017-08-29T16:26:12Z,2025-09-09,3018,2017-08-29 16:26:12+00:00,2025-09-09 00:00:00+00:00,99.14586070959264,23.49064280980782,High Activity
pytorch/ignite,48124,large,12,0.14545756794946388,4.0,2.0,4.0,0.0,0.0,0.0,0.0,1.0,0.0,0.0,0.0,0.0,0.0,0.0,1.0,0.0,7.0,1838,2017-11-23T17:31:21Z,2025-09-25,2932,2017-11-23 17:31:21+00:00,2025-09-25 00:00:00+00:00,96.32063074901446,19.082100954979538,High Activity
pytorch/serve,31729,large,14,0.40971981468057617,1.0,1.0,6.0,0.0,0.0,0.0,2.0,4.0,0.0,0.0,0.0,0.0,0.0,0.0,0.0,0.0,13.0,3891,2019-10-03T03:17:43Z,2025-03-17,2253,2019-10-03 03:17:43+00:00,2025-03-17 00:00:00+00:00,74.01445466491458,52.57081225033289,High Activity
pytorch/vision,76374,large,17,0.11784115012962527,2.0,6.0,0.0,0.0,0.0,2.0,0.0,0.0,0.0,1.0,0.0,0.0,0.0,0.0,6.0,0.0,9.0,4118,2016-11-09T23:11:43Z,2025-09-27,3311,2016-11-09 23:11:43+00:00,2025-09-27 00:00:00+00:00,108.77135348226018,37.8592328601631,High Activity
PyTorchLightning/pytorch-lightning,86858,large,53,0.34539132837504893,19.0,11.0,2.0,0.0,0.0,0.0,17.0,0.0,0.0,0.0,0.0,0.0,0.0,0.0,4.0,0.0,30.0,10863,2019-03-31T00:45:57Z,2025-09-26,2440,2019-03-31 00:45:57+00:00,2025-09-26 00:00:00+00:00,80.15768725361366,135.52037704918035,High Activity
quantumlib/Cirq,169329,large,113,0.6673399122418486,0.0,0.0,45.0,13.0,1.0,51.0,0.0,3.0,0.0,0.0,0.0,0.0,0.0,0.0,0.0,0.0,113.0,4475,2017-12-14T23:41:49Z,2025-09-27,2911,2017-12-14 23:41:49+00:00,2025-09-27 00:00:00+00:00,95.63074901445466,46.794572311920305,High Activity
ray-project/ray,637199,large,730,1.1205290654881757,12.0,26.0,517.0,50.0,54.0,2.0,14.0,43.0,5.0,3.0,0.0,0.0,1.0,0.0,3.0,0.0,714.0,27237,2016-10-25T19:38:30Z,2025-09-27,3326,2016-10-25 19:38:30+00:00,2025-09-27 00:00:00+00:00,109.26412614980289,249.2766927239928,High Activity
ROCmSoftwarePlatform/tensorflow-upstream,757020,large,66,0.02906131938390003,44.0,0.0,0.0,0.0,0.0,21.0,0.0,1.0,0.0,0.0,0.0,0.0,0.0,0.0,0.0,0.0,22.0,188754,2018-04-09T21:24:50Z,2025-09-26,2795,2018-04-09 21:24:50+00:00,2025-09-26 00:00:00+00:00,91.81997371879106,2055.6965152057246,High Activity
rusty1s/pytorch_geometric,124071,large,178,1.370183201553949,8.0,80.0,54.0,9.0,5.0,0.0,2.0,17.0,0.0,3.0,0.0,0.0,0.0,0.0,0.0,0.0,170.0,7889,2017-10-06T16:03:03Z,2025-09-23,2980,2017-10-06 16:03:03+00:00,2025-09-23 00:00:00+00:00,97.89750328515112,80.58428187919463,High Activity
rwightman/pytorch-image-models,83829,large,46,0.1789356905128297,31.0,1.0,2.0,3.0,4.0,0.0,5.0,0.0,0.0,0.0,0.0,0.0,0.0,0.0,0.0,0.0,15.0,2940,2019-02-02T05:51:12Z,2025-09-24,2496,2019-02-02 05:51:12+00:00,2025-09-24 00:00:00+00:00,81.99737187910644,35.854807692307695,High Activity
rwth-i6/returnn,145490,large,11,0.06873324627122139,0.0,0.0,0.0,0.0,0.0,10.0,0.0,0.0,0.0,0.0,0.0,0.0,0.0,1.0,0.0,0.0,10.0,12170,2016-06-14T14:37:14Z,2025-09-22,3459,2016-06-14 14:37:14+00:00,2025-09-22 00:00:00+00:00,113.63337713534823,107.09881468632553,High Activity
spmallick/learnopencv,120110,large,0,0.0,0.0,0.0,0.0,0.0,0.0,0.0,0.0,0.0,0.0,0.0,0.0,0.0,0.0,0.0,0.0,0.0,0.0,2608,2015-02-17T08:00:51Z,2025-09-23,3942,2015-02-17 08:00:51+00:00,2025-09-23 00:00:00+00:00,129.50065703022338,20.138893962455608,High Activity
stanfordnlp/stanza,51429,large,17,0.33055280094888095,0.0,7.0,0.0,0.0,0.0,0.0,10.0,0.0,0.0,0.0,0.0,0.0,0.0,0.0,0.0,0.0,17.0,4785,2017-09-26T08:00:56Z,2024-12-24,2990,2017-09-26 08:00:56+00:00,2024-12-24 00:00:00+00:00,98.22601839684626,48.714180602006685,High Activity
streamlit/streamlit,113797,large,23,0.2021142912379061,0.0,0.0,18.0,3.0,0.0,0.0,0.0,2.0,0.0,0.0,0.0,0.0,0.0,0.0,0.0,0.0,23.0,8344,2019-08-24T00:14:52Z,2025-09-26,2294,2019-08-24 00:14:52+00:00,2025-09-26 00:00:00+00:00,75.36136662286465,110.71986050566696,High Activity
tensorflow/addons,28322,large,49,0.4943153732081068,28.0,0.0,0.0,0.0,0.0,14.0,0.0,0.0,0.0,0.0,0.0,0.0,0.0,7.0,0.0,0.0,14.0,1519,2018-11-26T23:57:17Z,2024-04-15,2564,2018-11-26 23:57:17+00:00,2024-04-15 00:00:00+00:00,84.23127463863338,18.033681747269892,High Activity
tensorflow/data-validation,28157,large,44,1.5626664772525483,0.0,0.0,28.0,12.0,0.0,0.0,0.0,4.0,0.0,0.0,0.0,0.0,0.0,0.0,0.0,0.0,44.0,995,2018-07-02T15:47:02Z,2025-06-23,2711,2018-07-02 15:47:02+00:00,2025-06-23 00:00:00+00:00,89.0604467805519,11.172187384728883,Low Activity
tensorflow/examples,31727,large,22,0.5358212248242822,5.0,0.0,9.0,0.0,0.0,0.0,0.0,8.0,0.0,0.0,0.0,0.0,0.0,0.0,0.0,0.0,17.0,2187,2018-07-16T22:11:56Z,2025-08-21,2697,2018-07-16 22:11:56+00:00,2025-08-21 00:00:00+00:00,88.60052562417872,24.683826473859842,High Activity
tensorflow/federated,96954,large,16,0.0,16.0,0.0,0.0,0.0,0.0,0.0,0.0,0.0,0.0,0.0,0.0,0.0,0.0,0.0,0.0,0.0,0.0,5691,2018-12-12T23:15:35Z,2025-09-28,2548,2018-12-12 23:15:35+00:00,2025-09-28 00:00:00+00:00,83.70565045992116,67.98824175824176,High Activity
tensorflow/graphics,33411,large,34,0.08979078746520607,20.0,0.0,0.0,0.0,0.0,2.0,0.0,0.0,0.0,0.0,0.0,0.0,0.0,11.0,0.0,1.0,3.0,770,2019-01-08T10:39:44Z,2025-02-03,2521,2019-01-08 10:39:44+00:00,2025-02-03 00:00:00+00:00,82.81865965834427,9.297421658072194,Low Activity
tensorflow/model-analysis,49874,large,24,0.48121265589284995,0.0,0.0,18.0,3.0,1.0,1.0,0.0,1.0,0.0,0.0,0.0,0.0,0.0,0.0,0.0,0.0,24.0,1570,2018-03-23T19:08:49Z,2025-08-06,2812,2018-03-23 19:08:49+00:00,2025-08-06 00:00:00+00:00,92.3784494086728,16.995305832147938,High Activity
tensorflow/models,379080,large,155,0.20839928247335657,20.0,1.0,35.0,12.0,4.0,25.0,0.0,0.0,0.0,1.0,0.0,0.0,0.0,56.0,0.0,1.0,79.0,9655,2016-02-05T01:15:20Z,2025-09-27,3590,2016-02-05 01:15:20+00:00,2025-09-27 00:00:00+00:00,117.93692509855452,81.8657938718663,High Activity
tensorflow/privacy,30114,large,27,0.6973500697350069,6.0,0.0,4.0,1.0,0.0,16.0,0.0,0.0,0.0,0.0,0.0,0.0,0.0,0.0,0.0,0.0,21.0,899,2018-12-21T18:46:46Z,2025-06-13,2539,2018-12-21 18:46:46+00:00,2025-06-13 00:00:00+00:00,83.40998685939553,10.778085860575029,Low Activity
TheAlgorithms/Python,46108,large,55,1.149475145311009,1.0,0.0,2.0,4.0,0.0,47.0,0.0,0.0,0.0,0.0,0.0,0.0,1.0,0.0,0.0,0.0,53.0,3597,2016-07-16T09:44:01Z,2025-09-24,3427,2016-07-16 09:44:01+00:00,2025-09-24 00:00:00+00:00,112.58212877792378,31.950008754012256,High Activity
thu-ml/tianshou,35503,large,5,0.14083316902796947,0.0,0.0,0.0,0.0,1.0,0.0,3.0,1.0,0.0,0.0,0.0,0.0,0.0,0.0,0.0,0.0,5.0,1175,2018-04-16T22:47:38Z,2025-09-06,2788,2018-04-16 22:47:38+00:00,2025-09-06 00:00:00+00:00,91.59001314060447,12.828909612625537,Low Activity
uber/ludwig,95376,large,315,3.22932393893642,2.0,0.0,184.0,26.0,70.0,0.0,6.0,11.0,7.0,4.0,0.0,0.0,5.0,0.0,0.0,0.0,308.0,3861,2018-12-27T23:58:12Z,2024-10-17,2533,2018-12-27 23:58:12+00:00,2024-10-17 00:00:00+00:00,83.21287779237845,46.39906829846032,High Activity
UKPLab/sentence-transformers,39022,large,19,0.4869048229204039,0.0,11.0,2.0,0.0,0.0,2.0,4.0,0.0,0.0,0.0,0.0,0.0,0.0,0.0,0.0,0.0,19.0,2375,2019-07-24T10:53:51Z,2025-09-26,2324,2019-07-24 10:53:51+00:00,2025-09-26 00:00:00+00:00,76.34691195795006,31.108003442340795,High Activity
Unity-Technologies/ml-agents,27918,large,0,0.0,0.0,0.0,0.0,0.0,0.0,0.0,0.0,0.0,0.0,0.0,0.0,0.0,0.0,0.0,0.0,0.0,0.0,3541,2017-09-08T21:09:04Z,2025-09-17,3008,2017-09-08 21:09:04+00:00,2025-09-17 00:00:00+00:00,98.8173455978975,35.83378989361702,High Activity
vaexio/vaex,63938,large,135,1.95501892458319,10.0,0.0,11.0,81.0,14.0,7.0,0.0,12.0,0.0,0.0,0.0,0.0,0.0,0.0,0.0,0.0,125.0,3712,2014-09-27T09:44:42Z,2025-09-03,4085,2014-09-27 09:44:42+00:00,2025-09-03 00:00:00+00:00,134.19842312746385,27.660533659730724,High Activity
VertaAI/modeldb,111928,large,43,0.0,43.0,0.0,0.0,0.0,0.0,0.0,0.0,0.0,0.0,0.0,0.0,0.0,0.0,0.0,0.0,0.0,0.0,4114,2016-10-19T01:07:26Z,2024-04-25,3333,2016-10-19 01:07:26+00:00,2024-04-25 00:00:00+00:00,109.49408672798948,37.57280528052805,High Activity
wandb/client,217482,large,97,0.38164077946680647,14.0,4.0,61.0,9.0,3.0,1.0,3.0,2.0,0.0,0.0,0.0,0.0,0.0,0.0,0.0,0.0,83.0,8446,2017-03-24T05:46:23Z,2025-09-27,3176,2017-03-24 05:46:23+00:00,2025-09-27 00:00:00+00:00,104.33639947437581,80.94969773299749,High Activity
x4nth055/pythoncode-tutorials,41945,large,21,0.38145190129932055,5.0,0.0,7.0,6.0,3.0,0.0,0.0,0.0,0.0,0.0,0.0,0.0,0.0,0.0,0.0,0.0,16.0,641,2019-07-29T12:35:40Z,2025-09-28,2319,2019-07-29 12:35:40+00:00,2025-09-28 00:00:00+00:00,76.1826544021025,8.413988788270807,Low Activity
XanaduAI/pennylane,350353,large,34,0.08848218796470987,3.0,8.0,0.0,0.0,0.0,23.0,0.0,0.0,0.0,0.0,0.0,0.0,0.0,0.0,0.0,0.0,31.0,6011,2018-04-17T16:45:42Z,2025-09-26,2787,2018-04-17 16:45:42+00:00,2025-09-26 00:00:00+00:00,91.55716162943494,65.65297452457841,High Activity
XanaduAI/strawberryfields,31745,large,31,0.9765317372814616,0.0,0.0,0.0,0.0,0.0,31.0,0.0,0.0,0.0,0.0,0.0,0.0,0.0,0.0,0.0,0.0,31.0,1172,2018-03-26T14:38:39Z,2025-05-20,2809,2018-03-26 14:38:39+00:00,2025-05-20 00:00:00+00:00,92.27989487516426,12.700491278034887,Low Activity
Xilinx/brevitas,58300,large,38,0.18867924528301888,26.0,5.0,4.0,1.0,0.0,0.0,1.0,0.0,0.0,0.0,0.0,0.0,0.0,0.0,1.0,0.0,11.0,1609,2018-07-10T22:37:01Z,2025-08-28,2703,2018-07-10 22:37:01+00:00,2025-08-28 00:00:00+00:00,88.7976346911958,18.11985201627821,High Activity
YosefLab/scVI,52441,large,164,3.1082549913235824,0.0,0.0,75.0,33.0,9.0,1.0,43.0,2.0,0.0,0.0,0.0,0.0,1.0,0.0,0.0,0.0,163.0,4329,2017-09-06T05:39:48Z,2025-09-25,3010,2017-09-06 05:39:48+00:00,2025-09-25 00:00:00+00:00,98.88304862023652,43.7789900332226,High Activity
