repo_name,loc,size_category,total_smells,smell_density,hyperparameters_not_explicitly_set,gradients_not_cleared_before_backward_propagation,columns_and_datatype_not_explicitly_set,in_place_apis_misused,Chain_Indexing,matrix_multiplication_api_misused,pytorch_call_method_misused,dataframe_conversion_api_misused,nan_equivalence_comparison_misused,unnecessary_iteration,merge_api_parameter_not_explicitly_set,memory_not_freed,empty_column_misinitialization,Broadcasting_Feature_Not_Used,deterministic_algorithm_option_not_used,tensor_array_not_used,domain
alfredfrancis/ai-chatbot-framework,2327,small,0.0,0.0,2.0,0.0,0.0,0.0,0.0,0.0,0.0,0.0,0.0,0.0,0.0,0.0,0.0,0.0,0.0,0.0,Natural Language Processing
ARM-software/CMSIS_5,480,small,0.0,0.0,0.0,0.0,0.0,0.0,0.0,0.0,0.0,0.0,0.0,0.0,0.0,0.0,0.0,0.0,0.0,0.0,Domain-Specific Applications
arogozhnikov/einops,4042,small,7.0,1.731815932706581,0.0,7.0,0.0,0.0,0.0,0.0,0.0,0.0,0.0,0.0,0.0,0.0,0.0,0.0,0.0,0.0,ML Frameworks / Libraries
arogozhnikov/hep_ml,2839,small,19.0,6.692497358224727,2.0,0.0,12.0,4.0,2.0,1.0,0.0,0.0,0.0,0.0,0.0,0.0,0.0,0.0,0.0,0.0,Data Science / Traditional ML
bayesiains/nflows,6408,small,10.0,1.560549313358302,0.0,0.0,0.0,0.0,0.0,0.0,10.0,0.0,0.0,0.0,0.0,0.0,0.0,0.0,0.0,0.0,ML Frameworks / Libraries
Belval/TextRecognitionDataGenerator,3319,small,0.0,0.0,0.0,0.0,0.0,0.0,0.0,0.0,0.0,0.0,0.0,0.0,0.0,0.0,0.0,0.0,0.0,0.0,Computer Vision
beringresearch/ivis,2011,small,2.0,0.9945300845350571,1.0,0.0,1.0,0.0,0.0,0.0,0.0,1.0,0.0,0.0,0.0,0.0,0.0,0.0,0.0,0.0,Data Science / Traditional ML
bethgelab/foolbox,8798,small,0.0,0.0,12.0,0.0,0.0,0.0,0.0,0.0,0.0,0.0,0.0,0.0,0.0,0.0,0.0,0.0,0.0,0.0,ML Frameworks / Libraries
bitextor/bitextor,4658,small,0.0,0.0,0.0,0.0,0.0,0.0,0.0,0.0,0.0,0.0,0.0,0.0,0.0,0.0,0.0,0.0,0.0,0.0,Natural Language Processing
cgre-aachen/gempy,9841,small,31.0,3.1500863733360434,0.0,0.0,10.0,4.0,9.0,4.0,0.0,0.0,2.0,2.0,0.0,0.0,0.0,0.0,0.0,0.0,Reinforcement Learning
deepmedic/deepmedic,6072,small,16.0,2.635046113306983,0.0,0.0,3.0,0.0,10.0,3.0,0.0,0.0,0.0,0.0,0.0,0.0,0.0,0.0,0.0,0.0,Computer Vision
deezer/spleeter,2291,small,5.0,2.182453077258839,0.0,0.0,3.0,0.0,0.0,0.0,0.0,2.0,0.0,0.0,0.0,0.0,0.0,0.0,0.0,0.0,ML Frameworks / Libraries
dwadden/dygiepp,7411,small,13.0,1.7541492376197545,0.0,0.0,5.0,6.0,0.0,0.0,0.0,0.0,0.0,2.0,0.0,0.0,0.0,0.0,0.0,0.0,Natural Language Processing
eleurent/rl-agents,6640,small,17.0,2.560240963855422,0.0,0.0,6.0,8.0,0.0,2.0,0.0,1.0,0.0,0.0,0.0,0.0,0.0,0.0,0.0,0.0,Reinforcement Learning
EpistasisLab/tpot,8506,small,21.0,2.468845520808841,20.0,2.0,10.0,8.0,0.0,0.0,0.0,0.0,0.0,1.0,0.0,0.0,0.0,0.0,0.0,0.0,Data Science / Traditional ML
ethen8181/machine-learning,2780,small,23.0,8.273381294964029,0.0,0.0,11.0,3.0,2.0,3.0,2.0,1.0,0.0,0.0,1.0,0.0,0.0,0.0,0.0,0.0,Data Science / Traditional ML
explosion/prodigy-recipes,3842,small,1.0,0.2602811035918792,0.0,0.0,1.0,0.0,0.0,0.0,0.0,0.0,0.0,0.0,0.0,0.0,0.0,0.0,0.0,0.0,Natural Language Processing
explosion/spacy-transformers,2897,small,0.0,0.0,0.0,0.0,0.0,0.0,0.0,0.0,0.0,0.0,0.0,0.0,0.0,0.0,0.0,0.0,0.0,0.0,Natural Language Processing
FunctionLab/selene,6352,small,13.0,2.0465994962216625,0.0,0.0,1.0,0.0,0.0,0.0,11.0,0.0,0.0,1.0,0.0,0.0,0.0,0.0,0.0,0.0,Data Science / Traditional ML
geoopt/geoopt,8404,small,4.0,0.47596382674916704,0.0,4.0,0.0,0.0,0.0,0.0,0.0,0.0,0.0,0.0,0.0,0.0,0.0,0.0,0.0,0.0,ML Frameworks / Libraries
geyang/ml_logger,4472,small,13.0,2.9069767441860463,0.0,0.0,8.0,4.0,0.0,0.0,0.0,0.0,0.0,1.0,0.0,0.0,0.0,0.0,0.0,0.0,Computer Vision
gjy3035/C-3-Framework,4303,small,19.0,4.415524052986289,0.0,3.0,7.0,0.0,0.0,0.0,9.0,0.0,0.0,0.0,0.0,0.0,0.0,0.0,0.0,0.0,Computer Vision
google/fhir,80,small,0.0,0.0,0.0,0.0,0.0,0.0,0.0,0.0,0.0,0.0,0.0,0.0,0.0,0.0,0.0,0.0,0.0,0.0,Domain-Specific Applications
google/ml-metadata,3619,small,0.0,0.0,1.0,0.0,0.0,0.0,0.0,0.0,0.0,0.0,0.0,0.0,0.0,0.0,0.0,0.0,0.0,0.0,MLOps / Deployment
GoogleCloudPlatform/healthcare,7788,small,0.0,0.0,0.0,0.0,0.0,0.0,0.0,0.0,0.0,0.0,0.0,0.0,0.0,0.0,0.0,0.0,0.0,0.0,Domain-Specific Applications
GoogleCloudPlatform/ml-on-gcp,9308,small,15.0,1.6115169746454663,4.0,0.0,8.0,6.0,0.0,1.0,0.0,0.0,0.0,0.0,0.0,0.0,0.0,0.0,0.0,0.0,Data Science / Traditional ML
google-research/text-to-text-transfer-transformer,8552,small,10.0,1.1693171188026192,0.0,1.0,5.0,1.0,1.0,0.0,0.0,2.0,0.0,0.0,0.0,0.0,0.0,0.0,0.0,0.0,ML Frameworks / Libraries
graphbrain/graphbrain,10180,small,0.0,0.0,1.0,0.0,0.0,0.0,0.0,0.0,0.0,0.0,0.0,0.0,0.0,0.0,0.0,0.0,0.0,0.0,Natural Language Processing
greentfrapp/lucent,2009,small,0.0,0.0,0.0,0.0,0.0,0.0,0.0,0.0,0.0,0.0,0.0,0.0,0.0,0.0,0.0,0.0,0.0,0.0,ML Frameworks / Libraries
guillaume-be/rust-bert,176,small,0.0,0.0,0.0,0.0,0.0,0.0,0.0,0.0,0.0,0.0,0.0,0.0,0.0,0.0,0.0,0.0,0.0,0.0,Natural Language Processing
hastagAB/Awesome-Python-Scripts,7569,small,4.0,0.5284713964856652,0.0,0.0,3.0,0.0,0.0,0.0,0.0,1.0,0.0,0.0,0.0,0.0,0.0,0.0,0.0,0.0,Domain-Specific Applications
henrysky/astroNN,10096,small,1.0,0.09904912836767037,1.0,0.0,0.0,0.0,0.0,1.0,0.0,0.0,0.0,0.0,0.0,0.0,0.0,0.0,0.0,0.0,ML Frameworks / Libraries
idealo/image-super-resolution,2788,small,0.0,0.0,0.0,0.0,0.0,0.0,0.0,0.0,0.0,0.0,0.0,0.0,0.0,0.0,0.0,0.0,0.0,0.0,Computer Vision
interpretml/DiCE,7492,small,80.0,10.678056593699946,1.0,4.0,49.0,4.0,17.0,0.0,0.0,4.0,0.0,2.0,0.0,0.0,0.0,0.0,0.0,0.0,Domain-Specific Applications
interpretml/interpret-text,6861,small,21.0,3.060778312199388,5.0,1.0,6.0,1.0,2.0,3.0,3.0,1.0,0.0,4.0,0.0,0.0,0.0,0.0,0.0,0.0,Natural Language Processing
jaakkopasanen/AutoEq,4958,small,10.0,2.016942315449778,0.0,0.0,3.0,4.0,0.0,2.0,0.0,0.0,0.0,1.0,0.0,0.0,0.0,0.0,0.0,0.0,Domain-Specific Applications
jeongyoonlee/Kaggler,2665,small,24.0,9.00562851782364,0.0,0.0,14.0,8.0,0.0,0.0,0.0,2.0,0.0,0.0,0.0,0.0,0.0,0.0,0.0,0.0,Data Science / Traditional ML
jessevig/bertviz,7099,small,0.0,0.0,0.0,0.0,0.0,0.0,0.0,0.0,0.0,0.0,0.0,0.0,0.0,0.0,0.0,0.0,0.0,0.0,Natural Language Processing
joeynmt/joeynmt,9765,small,10.0,1.0240655401945724,0.0,0.0,1.0,0.0,7.0,0.0,2.0,0.0,0.0,0.0,0.0,0.0,0.0,0.0,0.0,0.0,ML Frameworks / Libraries
junyanz/pytorch-CycleGAN-and-pix2pix,2037,small,4.0,1.9636720667648504,0.0,0.0,0.0,0.0,0.0,0.0,4.0,0.0,0.0,0.0,0.0,0.0,0.0,0.0,0.0,0.0,Computer Vision
kakao/buffalo,6686,small,0.0,0.0,0.0,0.0,0.0,0.0,0.0,0.0,0.0,0.0,0.0,0.0,0.0,0.0,0.0,0.0,0.0,0.0,Domain-Specific Applications
kaushaltrivedi/fast-bert,9128,small,36.0,3.943908851884312,0.0,4.0,22.0,9.0,0.0,0.0,1.0,0.0,0.0,0.0,0.0,0.0,0.0,0.0,0.0,0.0,Natural Language Processing
keras-team/autokeras,7356,small,0.0,0.0,0.0,0.0,0.0,0.0,0.0,0.0,0.0,0.0,0.0,0.0,0.0,0.0,0.0,0.0,0.0,0.0,ML Frameworks / Libraries
kermitt2/grobid,293,small,0.0,0.0,0.0,0.0,0.0,0.0,0.0,0.0,0.0,0.0,0.0,0.0,0.0,0.0,0.0,0.0,0.0,0.0,Reinforcement Learning
kipoi/kipoi,9782,small,73.0,7.462686567164179,1.0,0.0,34.0,4.0,35.0,0.0,0.0,0.0,0.0,0.0,0.0,0.0,0.0,0.0,0.0,0.0,Domain-Specific Applications
kubeflow-kale/kale,6510,small,5.0,0.7680491551459294,0.0,0.0,5.0,0.0,0.0,0.0,0.0,0.0,0.0,0.0,0.0,0.0,0.0,0.0,0.0,0.0,MLOps / Deployment
lsds/KungFu,7566,small,1.0,0.13217023526301877,3.0,1.0,0.0,0.0,0.0,0.0,0.0,0.0,0.0,0.0,0.0,0.0,0.0,0.0,0.0,0.0,ML Frameworks / Libraries
magenta/ddsp,9882,small,0.0,0.0,0.0,0.0,0.0,0.0,0.0,0.0,0.0,0.0,0.0,0.0,0.0,0.0,0.0,0.0,0.0,0.0,Domain-Specific Applications
MAIF/melusine,7613,small,50.0,6.567713122290818,0.0,0.0,36.0,0.0,12.0,0.0,0.0,1.0,0.0,1.0,0.0,0.0,0.0,0.0,0.0,0.0,Natural Language Processing
MarkUsProject/Markus,1705,small,0.0,0.0,0.0,0.0,0.0,0.0,0.0,0.0,0.0,0.0,0.0,0.0,0.0,0.0,0.0,0.0,0.0,0.0,Domain-Specific Applications
masa-su/pixyz,5683,small,14.0,2.4634875945803274,0.0,0.0,0.0,0.0,0.0,0.0,14.0,0.0,0.0,0.0,0.0,0.0,0.0,0.0,0.0,0.0,ML Frameworks / Libraries
michaelhush/M-LOOP,4607,small,0.0,0.0,0.0,0.0,0.0,0.0,0.0,0.0,0.0,0.0,0.0,0.0,0.0,0.0,0.0,0.0,0.0,0.0,Data Science / Traditional ML
microsoft/Windows-Machine-Learning,562,small,4.0,7.117437722419928,0.0,4.0,0.0,0.0,0.0,0.0,0.0,0.0,0.0,0.0,0.0,0.0,0.0,0.0,0.0,0.0,ML Frameworks / Libraries
MIPT-Oulu/solt,4768,small,4.0,0.8389261744966443,0.0,0.0,0.0,0.0,0.0,4.0,0.0,0.0,0.0,0.0,0.0,0.0,0.0,0.0,0.0,0.0,Computer Vision
MITK/MITK,55,small,0.0,0.0,0.0,0.0,0.0,0.0,0.0,0.0,0.0,0.0,0.0,0.0,0.0,0.0,0.0,0.0,0.0,0.0,Domain-Specific Applications
mlmed/torchxrayvision,6002,small,25.0,4.1652782405864714,0.0,2.0,19.0,0.0,4.0,0.0,0.0,0.0,0.0,0.0,0.0,0.0,0.0,0.0,0.0,0.0,Computer Vision
mozilla/DeepSpeech,8842,small,21.0,2.375028274146121,0.0,0.0,20.0,0.0,0.0,0.0,0.0,0.0,0.0,1.0,0.0,0.0,0.0,0.0,0.0,0.0,ML Frameworks / Libraries
NLeSC/mcfly,1749,small,0.0,0.0,2.0,0.0,0.0,0.0,0.0,0.0,0.0,0.0,0.0,0.0,0.0,0.0,0.0,0.0,0.0,0.0,Domain-Specific Applications
philipperemy/keract,1080,small,1.0,0.9259259259259258,1.0,0.0,0.0,0.0,0.0,1.0,0.0,0.0,0.0,0.0,0.0,0.0,0.0,0.0,0.0,0.0,ML Frameworks / Libraries
philipperemy/keras-tcn,1306,small,1.0,0.7656967840735068,1.0,0.0,1.0,0.0,0.0,0.0,0.0,0.0,0.0,0.0,0.0,0.0,0.0,0.0,0.0,0.0,ML Frameworks / Libraries
pytorch/builder,685,small,0.0,0.0,0.0,0.0,0.0,0.0,0.0,0.0,0.0,0.0,0.0,0.0,0.0,0.0,0.0,0.0,0.0,0.0,ML Frameworks / Libraries
pytorch/examples,7428,small,17.0,2.2886375875067313,4.0,12.0,0.0,0.0,0.0,0.0,5.0,0.0,0.0,0.0,0.0,0.0,0.0,0.0,0.0,0.0,Reinforcement Learning
robertness/causalML,2330,small,19.0,8.15450643776824,0.0,0.0,6.0,1.0,7.0,0.0,4.0,0.0,0.0,1.0,0.0,0.0,0.0,0.0,0.0,0.0,ML Frameworks / Libraries
RussTedrake/underactuated,5955,small,5.0,0.8396305625524769,0.0,0.0,0.0,0.0,0.0,5.0,0.0,0.0,0.0,0.0,0.0,0.0,0.0,0.0,0.0,0.0,Domain-Specific Applications
rusty1s/pytorch_scatter,1450,small,0.0,0.0,0.0,0.0,0.0,0.0,0.0,0.0,0.0,0.0,0.0,0.0,0.0,0.0,0.0,0.0,0.0,0.0,ML Frameworks / Libraries
SeldonIO/seldon-core,3289,small,3.0,0.9121313469139556,0.0,0.0,1.0,0.0,2.0,0.0,0.0,0.0,0.0,0.0,0.0,0.0,0.0,0.0,0.0,0.0,MLOps / Deployment
sigopt/sigopt-examples,5255,small,1.0,0.19029495718363465,0.0,0.0,1.0,0.0,0.0,0.0,0.0,0.0,0.0,0.0,0.0,0.0,0.0,0.0,0.0,0.0,Data Science / Traditional ML
sisl/NeuralVerification.jl,61,small,0.0,0.0,1.0,0.0,0.0,0.0,0.0,0.0,0.0,0.0,0.0,0.0,0.0,0.0,0.0,0.0,0.0,0.0,Domain-Specific Applications
snipsco/tract,1472,small,6.0,4.076086956521739,0.0,0.0,0.0,0.0,0.0,0.0,6.0,0.0,0.0,0.0,0.0,0.0,0.0,0.0,0.0,0.0,ML Frameworks / Libraries
snorkel-team/snorkel,7633,small,55.0,7.205554827721735,0.0,3.0,42.0,4.0,0.0,0.0,4.0,0.0,0.0,2.0,0.0,0.0,0.0,0.0,0.0,0.0,Computer Vision
stephenhky/PyShortTextCategorization,2590,small,3.0,1.1583011583011584,9.0,0.0,3.0,0.0,0.0,0.0,0.0,0.0,0.0,0.0,0.0,0.0,0.0,0.0,0.0,0.0,Natural Language Processing
tensorflow/fairness-indicators,1520,small,5.0,3.289473684210526,0.0,0.0,4.0,0.0,0.0,0.0,0.0,0.0,0.0,1.0,0.0,0.0,0.0,0.0,0.0,0.0,ML Frameworks / Libraries
tensorflow/serving,2292,small,0.0,0.0,2.0,0.0,0.0,0.0,0.0,0.0,0.0,0.0,0.0,0.0,0.0,0.0,0.0,0.0,0.0,0.0,ML Frameworks / Libraries
thunlp/OpenNRE,3137,small,9.0,2.8689831048772714,0.0,6.0,0.0,0.0,0.0,0.0,3.0,0.0,0.0,0.0,0.0,0.0,0.0,0.0,0.0,0.0,Natural Language Processing
Tiiiger/QPyTorch,3868,small,9.0,2.326783867631851,0.0,9.0,0.0,0.0,0.0,0.0,0.0,0.0,0.0,0.0,0.0,0.0,0.0,0.0,0.0,0.0,ML Frameworks / Libraries
timesler/facenet-pytorch,1467,small,1.0,0.6816632583503749,0.0,1.0,0.0,0.0,0.0,0.0,0.0,0.0,0.0,0.0,0.0,0.0,0.0,0.0,0.0,0.0,ML Frameworks / Libraries
tslearn-team/tslearn,10150,small,17.0,1.6748768472906403,1.0,1.0,1.0,2.0,4.0,3.0,6.0,0.0,0.0,0.0,0.0,0.0,0.0,0.0,0.0,0.0,Domain-Specific Applications
wandb/examples,7128,small,4.0,0.5611672278338945,7.0,3.0,1.0,0.0,0.0,0.0,0.0,0.0,0.0,0.0,0.0,0.0,0.0,0.0,0.0,0.0,Data Science / Traditional ML
wikipedia2vec/wikipedia2vec,4481,small,6.0,1.3389868332961392,0.0,2.0,0.0,0.0,0.0,4.0,0.0,0.0,0.0,0.0,0.0,0.0,0.0,0.0,0.0,0.0,Natural Language Processing
zalandoresearch/pytorch-ts,9932,small,10.0,1.0068465565847764,0.0,0.0,4.0,1.0,0.0,0.0,2.0,0.0,0.0,2.0,1.0,0.0,0.0,0.0,0.0,0.0,ML Frameworks / Libraries
zeusees/HyperLPR,1356,small,1.0,0.7374631268436578,0.0,0.0,0.0,0.0,0.0,1.0,0.0,0.0,0.0,0.0,0.0,0.0,0.0,0.0,0.0,0.0,ML Frameworks / Libraries
zhanghang1989/PyTorch-Encoding,6905,small,4.0,0.5792903692976104,0.0,3.0,0.0,0.0,0.0,0.0,1.0,0.0,0.0,0.0,0.0,0.0,0.0,0.0,0.0,0.0,Computer Vision
amaiya/ktrain,15566,medium,17.0,1.0921238596942053,5.0,0.0,9.0,3.0,5.0,0.0,0.0,0.0,0.0,0.0,0.0,0.0,0.0,0.0,0.0,0.0,Natural Language Processing
analyticalmindsltd/smote_variants,21361,medium,58.0,2.715228687795515,1.0,0.0,12.0,17.0,12.0,17.0,0.0,0.0,0.0,0.0,0.0,0.0,0.0,0.0,0.0,0.0,Data Science / Traditional ML
apache/submarine,13139,medium,3.0,0.22832787883400565,1.0,3.0,0.0,0.0,0.0,0.0,0.0,0.0,0.0,0.0,0.0,0.0,0.0,0.0,0.0,0.0,MLOps / Deployment
autorope/donkeycar,22292,medium,21.0,0.9420419881571863,0.0,0.0,12.0,7.0,0.0,0.0,2.0,0.0,0.0,0.0,0.0,0.0,0.0,0.0,0.0,0.0,ML Frameworks / Libraries
BindsNET/bindsnet,14028,medium,8.0,0.570287995437696,0.0,0.0,3.0,2.0,0.0,1.0,2.0,0.0,0.0,0.0,0.0,0.0,0.0,0.0,0.0,0.0,Reinforcement Learning
BloodAxe/pytorch-toolbelt,12133,medium,5.0,0.4120992334954257,0.0,0.0,0.0,0.0,0.0,0.0,5.0,0.0,0.0,0.0,0.0,0.0,0.0,0.0,0.0,0.0,Computer Vision
brainiak/brainiak,17865,medium,94.0,5.261684858662189,4.0,0.0,3.0,0.0,0.0,91.0,0.0,0.0,0.0,0.0,0.0,0.0,0.0,0.0,0.0,0.0,Domain-Specific Applications
Calamari-OCR/calamari,11088,medium,2.0,0.18037518037518038,0.0,0.0,0.0,0.0,0.0,2.0,0.0,0.0,0.0,0.0,0.0,0.0,0.0,0.0,0.0,0.0,Computer Vision
cornellius-gp/gpytorch,24163,medium,32.0,1.3243388652071348,0.0,5.0,0.0,0.0,0.0,0.0,27.0,0.0,0.0,0.0,0.0,0.0,0.0,0.0,0.0,0.0,ML Frameworks / Libraries
CornellNLP/Cornell-Conversational-Analysis-Toolkit,16129,medium,47.0,2.9140058280116556,0.0,0.0,29.0,9.0,0.0,0.0,0.0,2.0,0.0,7.0,0.0,0.0,0.0,0.0,0.0,0.0,Natural Language Processing
cornell-zhang/heterocl,20269,medium,3.0,0.14800927524791554,0.0,0.0,1.0,2.0,0.0,0.0,0.0,0.0,0.0,0.0,0.0,0.0,0.0,0.0,0.0,0.0,ML Frameworks / Libraries
cpnota/autonomous-learning-library,10618,medium,2.0,0.1883593897155773,0.0,2.0,0.0,0.0,0.0,0.0,0.0,0.0,0.0,0.0,0.0,0.0,0.0,0.0,0.0,0.0,Reinforcement Learning
danielegrattarola/spektral,10445,medium,2.0,0.19147917663954045,2.0,0.0,2.0,0.0,0.0,0.0,0.0,0.0,0.0,0.0,0.0,0.0,0.0,0.0,0.0,0.0,ML Frameworks / Libraries
datamllab/rlcard,12848,medium,2.0,0.1556662515566625,1.0,0.0,0.0,0.0,0.0,0.0,2.0,0.0,0.0,0.0,0.0,0.0,0.0,0.0,0.0,0.0,Reinforcement Learning
deepmind/dm-haiku,20792,medium,1.0,0.04809542131589072,0.0,0.0,0.0,0.0,0.0,1.0,0.0,0.0,0.0,0.0,0.0,0.0,0.0,0.0,0.0,0.0,ML Frameworks / Libraries
deepmind/sonnet,13196,medium,5.0,0.37890269778720825,2.0,0.0,0.0,0.0,0.0,5.0,0.0,0.0,0.0,0.0,0.0,0.0,0.0,0.0,0.0,0.0,ML Frameworks / Libraries
deepmipt/DeepPavlov,16907,medium,3.0,0.17744129650440646,0.0,0.0,2.0,0.0,0.0,0.0,0.0,0.0,0.0,1.0,0.0,0.0,0.0,0.0,0.0,0.0,Natural Language Processing
DigitalSlideArchive/HistomicsTK,11307,medium,60.0,5.3064473335102145,0.0,0.0,25.0,3.0,4.0,22.0,0.0,1.0,0.0,5.0,0.0,0.0,0.0,0.0,0.0,0.0,Computer Vision
DLR-RM/stable-baselines3,14536,medium,17.0,1.1695101816180518,0.0,9.0,5.0,0.0,0.0,0.0,3.0,0.0,0.0,0.0,0.0,0.0,0.0,0.0,0.0,0.0,Reinforcement Learning
DSE-MSU/DeepRobust,14598,medium,78.0,5.343197698314837,2.0,17.0,0.0,0.0,0.0,1.0,60.0,0.0,0.0,0.0,0.0,0.0,0.0,0.0,0.0,0.0,ML Frameworks / Libraries
evilsocket/pwnagotchi,12470,medium,0.0,0.0,0.0,0.0,0.0,0.0,0.0,0.0,0.0,0.0,0.0,0.0,0.0,0.0,0.0,0.0,0.0,0.0,Reinforcement Learning
facebookresearch/CrypTen,21718,medium,94.0,4.3282070172207385,1.0,70.0,17.0,1.0,0.0,0.0,6.0,0.0,0.0,0.0,0.0,0.0,0.0,0.0,0.0,0.0,MLOps / Deployment
fastai/fastai,14973,medium,1.0,0.06678688305616777,0.0,1.0,0.0,0.0,0.0,0.0,0.0,0.0,0.0,0.0,0.0,0.0,0.0,0.0,0.0,0.0,ML Frameworks / Libraries
f-dangel/backpack,16500,medium,1.0,0.06060606060606061,1.0,1.0,0.0,0.0,0.0,0.0,0.0,0.0,0.0,0.0,0.0,0.0,0.0,0.0,0.0,0.0,ML Frameworks / Libraries
fepegar/torchio,14026,medium,9.0,0.6416654783972623,0.0,0.0,1.0,0.0,0.0,8.0,0.0,0.0,0.0,0.0,0.0,0.0,0.0,0.0,0.0,0.0,Computer Vision
flatironinstitute/CaImAn,24964,medium,43.0,1.722480371735299,0.0,0.0,0.0,2.0,2.0,39.0,0.0,0.0,0.0,0.0,0.0,0.0,0.0,0.0,0.0,0.0,Computer Vision
google/automl,22342,medium,0.0,0.0,0.0,0.0,0.0,0.0,0.0,0.0,0.0,0.0,0.0,0.0,0.0,0.0,0.0,0.0,0.0,0.0,Computer Vision
google/qkeras,23397,medium,0.0,0.0,5.0,0.0,0.0,0.0,0.0,0.0,0.0,0.0,0.0,0.0,0.0,0.0,0.0,0.0,0.0,0.0,ML Frameworks / Libraries
google-research/meta-dataset,15178,medium,1.0,0.06588483331137172,0.0,0.0,0.0,0.0,0.0,0.0,0.0,0.0,0.0,0.0,0.0,1.0,0.0,0.0,0.0,0.0,ML Frameworks / Libraries
google-research/tensor2robot,16147,medium,0.0,0.0,1.0,0.0,0.0,0.0,0.0,0.0,0.0,0.0,0.0,0.0,0.0,0.0,0.0,0.0,0.0,0.0,ML Frameworks / Libraries
GRAAL-Research/poutyne,12874,medium,4.0,0.31070374398011497,0.0,0.0,4.0,0.0,0.0,0.0,0.0,0.0,0.0,0.0,0.0,0.0,0.0,0.0,0.0,0.0,ML Frameworks / Libraries
IBM/AIF360,13835,medium,236.0,17.058185760751716,8.0,0.0,141.0,33.0,7.0,5.0,0.0,41.0,0.0,9.0,0.0,0.0,3.0,0.0,0.0,0.0,Computer Vision
IBM/AIX360,17132,medium,257.0,15.001167406023814,16.0,0.0,140.0,45.0,32.0,15.0,4.0,19.0,0.0,2.0,0.0,0.0,0.0,0.0,0.0,0.0,Domain-Specific Applications
interpretml/interpret-community,10499,medium,62.0,5.905324316601581,14.0,1.0,35.0,0.0,17.0,0.0,0.0,9.0,0.0,0.0,0.0,0.0,0.0,0.0,0.0,0.0,Reinforcement Learning
jantic/DeOldify,12886,medium,5.0,0.3880180040353873,0.0,0.0,2.0,0.0,0.0,0.0,0.0,0.0,0.0,3.0,0.0,0.0,0.0,0.0,0.0,0.0,Computer Vision
keras-team/keras-tuner,10943,medium,2.0,0.18276523805172257,18.0,0.0,2.0,0.0,0.0,0.0,0.0,0.0,0.0,0.0,0.0,0.0,0.0,0.0,0.0,0.0,ML Frameworks / Libraries
kermitt2/delft,11351,medium,6.0,0.5285877896220597,0.0,0.0,6.0,0.0,0.0,0.0,0.0,0.0,0.0,0.0,0.0,0.0,0.0,0.0,0.0,0.0,Natural Language Processing
KevinMusgrave/pytorch-metric-learning,15569,medium,77.0,4.945725480120752,0.0,75.0,0.0,0.0,0.0,0.0,2.0,0.0,0.0,0.0,0.0,0.0,0.0,0.0,0.0,0.0,Computer Vision
koaning/scikit-lego,10542,medium,106.0,10.055018023145513,87.0,0.0,67.0,28.0,0.0,9.0,0.0,2.0,0.0,0.0,0.0,0.0,0.0,0.0,0.0,0.0,Data Science / Traditional ML
kubeflow/examples,11038,medium,36.0,3.2614604094944735,1.0,0.0,22.0,9.0,0.0,3.0,0.0,2.0,0.0,0.0,0.0,0.0,2.0,0.0,0.0,0.0,MLOps / Deployment
kubeflow/katib,15845,medium,3.0,0.18933417481855475,0.0,2.0,0.0,0.0,0.0,0.0,1.0,0.0,0.0,0.0,0.0,0.0,0.0,0.0,0.0,0.0,MLOps / Deployment
l3p-cv/lost,15154,medium,30.0,1.9796753332453478,0.0,0.0,12.0,15.0,2.0,0.0,0.0,1.0,0.0,0.0,0.0,0.0,0.0,0.0,0.0,0.0,Computer Vision
lab-ml/labml,16420,medium,17.0,1.0353227771010962,1.0,9.0,2.0,0.0,6.0,0.0,0.0,0.0,0.0,0.0,0.0,0.0,0.0,0.0,0.0,0.0,ML Frameworks / Libraries
learnables/cherry,11180,medium,4.0,0.35778175313059035,0.0,4.0,0.0,0.0,0.0,0.0,0.0,0.0,0.0,0.0,0.0,0.0,0.0,0.0,0.0,0.0,Reinforcement Learning
limbo018/DREAMPlace,14304,medium,154.0,10.766219239373601,0.0,8.0,0.0,0.0,0.0,0.0,146.0,0.0,0.0,0.0,0.0,0.0,0.0,0.0,0.0,0.0,ML Frameworks / Libraries
MIC-DKFZ/nnUNet,14017,medium,5.0,0.35670970963829635,0.0,0.0,0.0,4.0,1.0,0.0,0.0,0.0,0.0,0.0,0.0,0.0,0.0,0.0,0.0,0.0,Computer Vision
microsoft/hummingbird,14949,medium,46.0,3.0771289049434745,30.0,0.0,35.0,1.0,0.0,2.0,6.0,2.0,0.0,0.0,0.0,0.0,0.0,0.0,0.0,0.0,ML Frameworks / Libraries
mittagessen/kraken,13974,medium,0.0,0.0,0.0,0.0,0.0,0.0,0.0,0.0,0.0,0.0,0.0,0.0,0.0,0.0,0.0,0.0,0.0,0.0,Computer Vision
mljar/mljar-supervised,19321,medium,291.0,15.061332229180683,0.0,0.0,218.0,16.0,49.0,0.0,0.0,8.0,0.0,0.0,0.0,0.0,1.0,0.0,0.0,0.0,Data Science / Traditional ML
mpariente/asteroid,19013,medium,62.0,3.260926734339662,0.0,0.0,42.0,1.0,16.0,0.0,3.0,0.0,0.0,0.0,0.0,0.0,1.0,0.0,0.0,0.0,ML Frameworks / Libraries
namisan/mt-dnn,13012,medium,1.0,0.0768521364893944,0.0,0.0,0.0,0.0,0.0,0.0,1.0,0.0,0.0,0.0,0.0,0.0,0.0,0.0,0.0,0.0,Natural Language Processing
nanoporetech/medaka,13952,medium,4.0,0.286697247706422,0.0,0.0,1.0,0.0,0.0,0.0,3.0,0.0,0.0,0.0,0.0,0.0,0.0,0.0,0.0,0.0,Domain-Specific Applications
norse/norse,14090,medium,11.0,0.7806955287437899,0.0,5.0,1.0,0.0,0.0,0.0,5.0,0.0,0.0,0.0,0.0,0.0,0.0,0.0,0.0,0.0,ML Frameworks / Libraries
nussl/nussl,15649,medium,13.0,0.830724007923829,1.0,0.0,1.0,3.0,0.0,6.0,3.0,0.0,0.0,0.0,0.0,0.0,0.0,0.0,0.0,0.0,Domain-Specific Applications
nutonomy/nuscenes-devkit,14748,medium,23.0,1.5595334960672633,0.0,0.0,1.0,0.0,0.0,20.0,0.0,0.0,2.0,0.0,0.0,0.0,0.0,0.0,0.0,0.0,Domain-Specific Applications
onnx/onnxmltools,25210,medium,22.0,0.8726695755652518,8.0,0.0,13.0,4.0,2.0,0.0,0.0,3.0,0.0,0.0,0.0,0.0,0.0,0.0,0.0,0.0,ML Frameworks / Libraries
OpenNMT/OpenNMT-py,26821,medium,9.0,0.33555795831624474,1.0,2.0,4.0,2.0,0.0,0.0,1.0,0.0,0.0,0.0,0.0,0.0,0.0,0.0,0.0,0.0,Natural Language Processing
openvinotoolkit/model_server,13305,medium,0.0,0.0,0.0,0.0,0.0,0.0,0.0,0.0,0.0,0.0,0.0,0.0,0.0,0.0,0.0,0.0,0.0,0.0,MLOps / Deployment
PacktPublishing/Deep-Reinforcement-Learning-Hands-On,11006,medium,3.0,0.27257859349445757,0.0,3.0,0.0,0.0,0.0,0.0,0.0,0.0,0.0,0.0,0.0,0.0,0.0,0.0,0.0,0.0,Reinforcement Learning
pyannote/pyannote-audio,10618,medium,0.0,0.0,2.0,0.0,0.0,0.0,0.0,0.0,0.0,0.0,0.0,0.0,0.0,0.0,0.0,0.0,0.0,0.0,Reinforcement Learning
pytorch/text,14307,medium,3.0,0.20968756552736423,0.0,1.0,0.0,0.0,0.0,0.0,2.0,0.0,0.0,0.0,0.0,0.0,0.0,0.0,0.0,0.0,Natural Language Processing
pytorch/tutorials,14427,medium,19.0,1.3169751161017538,1.0,13.0,3.0,0.0,2.0,0.0,1.0,0.0,0.0,0.0,0.0,0.0,0.0,0.0,0.0,0.0,ML Frameworks / Libraries
QData/TextAttack,25560,medium,8.0,0.3129890453834116,0.0,2.0,5.0,0.0,0.0,0.0,1.0,0.0,0.0,0.0,0.0,0.0,0.0,0.0,0.0,0.0,Natural Language Processing
quantumblacklabs/kedro,24084,medium,32.0,1.328682943032719,0.0,0.0,9.0,0.0,21.0,2.0,0.0,0.0,0.0,0.0,0.0,0.0,0.0,0.0,0.0,0.0,MLOps / Deployment
ria-com/nomeroff-net,10722,medium,13.0,1.212460361872785,0.0,0.0,1.0,0.0,3.0,6.0,3.0,0.0,0.0,0.0,0.0,0.0,0.0,0.0,0.0,0.0,Computer Vision
scikit-learn-contrib/imbalanced-learn,16049,medium,15.0,0.9346376721291046,56.0,0.0,6.0,7.0,1.0,0.0,0.0,1.0,0.0,0.0,0.0,0.0,0.0,0.0,0.0,0.0,Data Science / Traditional ML
SeldonIO/alibi,20797,medium,68.0,3.26970236091744,13.0,0.0,6.0,4.0,45.0,3.0,2.0,8.0,0.0,0.0,0.0,0.0,0.0,0.0,0.0,0.0,Domain-Specific Applications
SeldonIO/alibi-detect,24028,medium,27.0,1.1236890294656234,34.0,2.0,7.0,0.0,14.0,0.0,0.0,3.0,0.0,0.0,0.0,1.0,1.0,0.0,0.0,0.0,Domain-Specific Applications
skorch-dev/skorch,20587,medium,30.0,1.4572302909603148,1.0,1.0,9.0,6.0,9.0,0.0,2.0,3.0,0.0,0.0,0.0,0.0,0.0,0.0,0.0,0.0,ML Frameworks / Libraries
slundberg/shap,23375,medium,221.0,9.454545454545455,27.0,4.0,44.0,17.0,17.0,3.0,0.0,136.0,0.0,0.0,0.0,0.0,0.0,7.0,0.0,0.0,Data Science / Traditional ML
snap-stanford/ogb,21473,medium,144.0,6.706096027569506,0.0,36.0,70.0,0.0,38.0,0.0,0.0,0.0,0.0,0.0,0.0,0.0,0.0,0.0,0.0,0.0,Domain-Specific Applications
SPFlow/SPFlow,16505,medium,2.0,0.12117540139351712,0.0,0.0,0.0,0.0,0.0,2.0,0.0,0.0,0.0,0.0,0.0,0.0,0.0,0.0,0.0,0.0,ML Frameworks / Libraries
sql-machine-learning/elasticdl,21950,medium,4.0,0.18223234624145787,15.0,0.0,2.0,0.0,0.0,0.0,0.0,0.0,0.0,2.0,0.0,0.0,0.0,0.0,0.0,0.0,ML Frameworks / Libraries
tensorflow/io,26222,medium,4.0,0.15254366562428495,0.0,0.0,4.0,0.0,0.0,0.0,0.0,0.0,0.0,0.0,0.0,0.0,0.0,0.0,0.0,0.0,ML Frameworks / Libraries
tensorflow/quantum,15821,medium,0.0,0.0,0.0,0.0,0.0,0.0,0.0,0.0,0.0,0.0,0.0,0.0,0.0,0.0,0.0,4.0,0.0,0.0,ML Frameworks / Libraries
tensorflow/text,18446,medium,0.0,0.0,4.0,0.0,0.0,0.0,0.0,0.0,0.0,0.0,0.0,0.0,0.0,0.0,0.0,0.0,0.0,0.0,ML Frameworks / Libraries
tensorflow/tfjs,12161,medium,0.0,0.0,16.0,0.0,0.0,0.0,0.0,0.0,0.0,0.0,0.0,0.0,0.0,0.0,0.0,0.0,0.0,0.0,ML Frameworks / Libraries
tf-encrypted/tf-encrypted,22814,medium,1.0,0.04383273428596476,18.0,0.0,1.0,0.0,0.0,0.0,0.0,0.0,0.0,0.0,0.0,0.0,0.0,0.0,0.0,0.0,ML Frameworks / Libraries
uber/causalml,11144,medium,148.0,13.280689160086144,36.0,0.0,83.0,32.0,21.0,2.0,0.0,2.0,0.0,3.0,5.0,0.0,3.0,0.0,0.0,0.0,Data Science / Traditional ML
ultralytics/yolov3,11096,medium,40.0,3.604902667627974,1.0,0.0,9.0,7.0,7.0,0.0,2.0,15.0,0.0,0.0,0.0,0.0,0.0,0.0,1.0,0.0,Computer Vision
ultralytics/yolov5,11454,medium,44.0,3.8414527675921075,1.0,0.0,9.0,7.0,7.0,0.0,6.0,15.0,0.0,0.0,0.0,0.0,0.0,0.0,1.0,0.0,Computer Vision
vanvalenlab/deepcell-tf,14131,medium,11.0,0.7784304012454887,8.0,0.0,3.0,1.0,0.0,7.0,0.0,0.0,0.0,0.0,0.0,0.0,0.0,0.0,0.0,0.0,ML Frameworks / Libraries
vespa-engine/sample-apps,11979,medium,28.0,2.337423825027131,0.0,2.0,12.0,9.0,0.0,0.0,0.0,0.0,0.0,2.0,3.0,0.0,0.0,0.0,0.0,0.0,MLOps / Deployment
vwxyzjn/cleanrl,12634,medium,3.0,0.2374544878898211,0.0,0.0,3.0,0.0,0.0,0.0,0.0,0.0,0.0,0.0,0.0,0.0,0.0,0.0,0.0,0.0,Reinforcement Learning
yzhao062/pyod,16576,medium,26.0,1.5685328185328185,6.0,13.0,0.0,0.0,0.0,12.0,0.0,0.0,1.0,0.0,0.0,0.0,0.0,0.0,0.0,0.0,Data Science / Traditional ML
aiqm/torchani,53385,large,34.0,0.636883019574787,0.0,18.0,7.0,3.0,6.0,0.0,0.0,0.0,0.0,0.0,0.0,0.0,0.0,0.0,0.0,0.0,ML Frameworks / Libraries
allegroai/trains,157601,large,41.0,0.26015063356196977,2.0,6.0,22.0,4.0,4.0,0.0,2.0,3.0,0.0,0.0,0.0,0.0,0.0,0.0,0.0,0.0,MLOps / Deployment
apache/beam,249436,large,470.0,1.8842508699626357,7.0,0.0,218.0,229.0,1.0,0.0,0.0,6.0,0.0,5.0,11.0,0.0,1.0,0.0,0.0,0.0,MLOps / Deployment
arviz-devs/arviz,33576,large,18.0,0.536097212294496,0.0,0.0,4.0,8.0,0.0,4.0,0.0,2.0,0.0,0.0,0.0,0.0,0.0,0.0,0.0,0.0,Data Science / Traditional ML
avrae/avrae,35896,large,0.0,0.0,0.0,0.0,0.0,0.0,0.0,0.0,0.0,0.0,0.0,0.0,0.0,0.0,0.0,0.0,0.0,0.0,Domain-Specific Applications
awslabs/amazon-sagemaker-examples,70067,large,210.0,2.9971313171678537,9.0,20.0,114.0,22.0,19.0,2.0,1.0,15.0,0.0,11.0,6.0,0.0,0.0,0.0,0.0,0.0,Reinforcement Learning
bulletphysics/bullet3,100791,large,97.0,0.9623875147582622,1.0,0.0,0.0,0.0,0.0,97.0,0.0,0.0,0.0,0.0,0.0,0.0,0.0,0.0,0.0,0.0,Reinforcement Learning
calico/basenji,39869,large,277.0,6.94775389400286,5.0,0.0,139.0,40.0,58.0,1.0,0.0,0.0,0.0,36.0,0.0,3.0,0.0,2.0,0.0,0.0,Domain-Specific Applications
CLUEbenchmark/CLUE,48963,large,8.0,0.16338868124910647,0.0,8.0,0.0,0.0,0.0,0.0,0.0,0.0,0.0,0.0,0.0,0.0,0.0,0.0,0.0,0.0,Natural Language Processing
commaai/openpilot,45846,large,3.0,0.06543646119617852,0.0,0.0,1.0,0.0,0.0,2.0,0.0,0.0,0.0,0.0,0.0,0.0,0.0,0.0,0.0,0.0,Domain-Specific Applications
creme-ml/creme,31014,large,108.0,3.482298316889147,53.0,0.0,55.0,13.0,9.0,3.0,0.0,24.0,0.0,4.0,0.0,0.0,0.0,0.0,0.0,0.0,Data Science / Traditional ML
data-science-on-aws/workshop,95889,large,294.0,3.0660451146638303,42.0,15.0,122.0,116.0,13.0,14.0,1.0,6.0,0.0,3.0,4.0,0.0,8.0,0.0,0.0,0.0,MLOps / Deployment
deepchem/deepchem,105916,large,71.0,0.6703425355942445,15.0,4.0,39.0,3.0,3.0,8.0,14.0,0.0,0.0,0.0,0.0,0.0,0.0,6.0,0.0,0.0,Data Science / Traditional ML
deepfakes/faceswap,46036,large,1.0,0.02172213050656008,1.0,0.0,0.0,0.0,0.0,1.0,0.0,0.0,0.0,0.0,0.0,0.0,0.0,0.0,0.0,0.0,Computer Vision
deepmind/open_spiel,64877,large,54.0,0.8323442822571945,0.0,9.0,2.0,0.0,8.0,35.0,0.0,0.0,0.0,0.0,0.0,0.0,1.0,0.0,0.0,0.0,Reinforcement Learning
determined-ai/determined,93990,large,9.0,0.09575486753909991,13.0,7.0,2.0,0.0,0.0,0.0,0.0,0.0,0.0,0.0,0.0,0.0,0.0,0.0,0.0,0.0,MLOps / Deployment
dmlc/dgl,197271,large,188.0,0.9530037359774118,23.0,44.0,67.0,9.0,6.0,43.0,16.0,1.0,0.0,1.0,1.0,0.0,0.0,0.0,0.0,0.0,Domain-Specific Applications
facebookresearch/habitat-api,64676,large,14.0,0.21646360319129196,4.0,0.0,0.0,0.0,0.0,10.0,4.0,0.0,0.0,0.0,0.0,0.0,0.0,0.0,0.0,0.0,Computer Vision
facebookresearch/mmf,43269,large,9.0,0.2080011093392498,0.0,0.0,2.0,0.0,0.0,0.0,7.0,0.0,0.0,0.0,0.0,0.0,0.0,0.0,0.0,0.0,ML Frameworks / Libraries
facebookresearch/nevergrad,32642,large,43.0,1.3173212425709209,2.0,0.0,26.0,8.0,4.0,3.0,1.0,0.0,1.0,0.0,0.0,0.0,0.0,0.0,0.0,0.0,Data Science / Traditional ML
facebookresearch/ReAgent,49789,large,16.0,0.32135612283837794,1.0,0.0,4.0,0.0,0.0,10.0,2.0,0.0,0.0,0.0,0.0,0.0,0.0,0.0,2.0,0.0,Reinforcement Learning
feast-dev/feast,98817,large,372.0,3.764534442454234,0.0,0.0,223.0,137.0,2.0,0.0,0.0,4.0,0.0,5.0,1.0,0.0,2.0,0.0,0.0,0.0,MLOps / Deployment
FederatedAI/FATE,52191,large,136.0,2.605813262823092,0.0,4.0,49.0,10.0,51.0,0.0,10.0,12.0,0.0,0.0,0.0,0.0,1.0,0.0,0.0,0.0,MLOps / Deployment
flairNLP/flair,35868,large,20.0,0.5576000892160142,0.0,0.0,0.0,0.0,0.0,0.0,20.0,0.0,0.0,0.0,0.0,0.0,0.0,0.0,0.0,0.0,Natural Language Processing
freewym/espresso,141225,large,56.0,0.3965303593556382,2.0,0.0,6.0,3.0,0.0,0.0,47.0,0.0,0.0,0.0,0.0,0.0,0.0,0.0,0.0,0.0,ML Frameworks / Libraries
galaxyproject/galaxy,351424,large,0.0,0.0,0.0,0.0,0.0,0.0,0.0,0.0,0.0,0.0,0.0,0.0,0.0,0.0,0.0,0.0,0.0,0.0,Domain-Specific Applications
geomstats/geomstats,52651,large,12.0,0.2279158990332567,0.0,0.0,9.0,1.0,0.0,0.0,0.0,2.0,0.0,0.0,0.0,0.0,0.0,0.0,0.0,0.0,ML Frameworks / Libraries
google/clusterfuzz,106396,large,0.0,0.0,0.0,0.0,0.0,0.0,0.0,0.0,0.0,0.0,0.0,0.0,0.0,0.0,0.0,0.0,0.0,0.0,MLOps / Deployment
google/flax,64703,large,8.0,0.12364187131972242,23.0,0.0,3.0,2.0,3.0,0.0,0.0,0.0,0.0,0.0,0.0,0.0,0.0,0.0,0.0,0.0,ML Frameworks / Libraries
google/tf-quant-finance,50669,large,5.0,0.09867966606801003,0.0,0.0,0.0,1.0,0.0,4.0,0.0,0.0,0.0,0.0,0.0,0.0,0.0,0.0,0.0,0.0,ML Frameworks / Libraries
GoogleCloudPlatform/professional-services,82363,large,108.0,1.3112684093585711,1.0,0.0,69.0,22.0,4.0,0.0,0.0,3.0,0.0,10.0,0.0,0.0,8.0,0.0,0.0,0.0,MLOps / Deployment
GoogleCloudPlatform/python-docs-samples,138315,large,19.0,0.1373676029353288,0.0,0.0,13.0,4.0,0.0,2.0,0.0,0.0,0.0,0.0,0.0,0.0,0.0,0.0,0.0,0.0,MLOps / Deployment
GoogleCloudPlatform/training-data-analyst,108122,large,62.0,0.5734263147185586,25.0,0.0,35.0,21.0,0.0,3.0,0.0,2.0,0.0,0.0,1.0,0.0,0.0,0.0,0.0,0.0,MLOps / Deployment
google-research/google-research,1307312,large,1881.0,1.4388302103858912,97.0,24.0,891.0,322.0,245.0,184.0,31.0,71.0,0.0,84.0,26.0,3.0,11.0,26.0,0.0,0.0,ML Frameworks / Libraries
guildai/guildai,51790,large,18.0,0.3475574435219154,0.0,4.0,6.0,3.0,0.0,2.0,0.0,2.0,0.0,1.0,0.0,0.0,0.0,0.0,0.0,0.0,MLOps / Deployment
heartexlabs/label-studio,52356,large,9.0,0.1719000687600275,0.0,0.0,3.0,0.0,6.0,0.0,0.0,0.0,0.0,0.0,0.0,0.0,0.0,0.0,0.0,0.0,Computer Vision
home-assistant/core,2109291,large,0.0,0.0,0.0,0.0,0.0,0.0,0.0,0.0,0.0,0.0,0.0,0.0,0.0,0.0,0.0,0.0,0.0,0.0,Domain-Specific Applications
huggingface/transformers,988895,large,207.0,0.2093245491179549,3.0,96.0,13.0,8.0,5.0,2.0,73.0,3.0,0.0,5.0,2.0,0.0,0.0,0.0,4.0,0.0,Natural Language Processing
huseinzol05/Malaya,603277,large,45.0,0.07459260008254914,1.0,14.0,5.0,3.0,6.0,0.0,17.0,0.0,0.0,0.0,0.0,0.0,0.0,3.0,0.0,0.0,Natural Language Processing
IBM/adversarial-robustness-toolbox,80632,large,145.0,1.79829348149618,119.0,36.0,12.0,7.0,0.0,1.0,89.0,0.0,0.0,0.0,0.0,0.0,0.0,2.0,0.0,0.0,Data Science / Traditional ML
IBM/lale,80917,large,217.0,2.681760322305572,349.0,0.0,62.0,16.0,135.0,0.0,0.0,4.0,0.0,0.0,0.0,0.0,0.0,0.0,0.0,0.0,Data Science / Traditional ML
jrzaurin/pytorch-widedeep,32158,large,118.0,3.669382424280117,12.0,2.0,66.0,28.0,11.0,0.0,1.0,2.0,0.0,6.0,2.0,0.0,0.0,0.0,0.0,0.0,Natural Language Processing
kornia/kornia,84657,large,14.0,0.16537321190214632,5.0,1.0,0.0,0.0,0.0,0.0,13.0,0.0,0.0,0.0,0.0,0.0,0.0,0.0,0.0,0.0,Computer Vision
kubeflow/kfserving,62085,large,20.0,0.32213900297978576,1.0,0.0,10.0,4.0,5.0,0.0,0.0,0.0,0.0,1.0,0.0,0.0,0.0,0.0,0.0,0.0,MLOps / Deployment
kubeflow/pipelines,110404,large,12.0,0.10869171406833086,1.0,0.0,8.0,0.0,0.0,0.0,4.0,0.0,0.0,0.0,0.0,0.0,0.0,0.0,0.0,0.0,MLOps / Deployment
magenta/magenta,44690,large,1.0,0.022376370552696354,1.0,0.0,0.0,0.0,0.0,1.0,0.0,0.0,0.0,0.0,0.0,0.0,0.0,0.0,0.0,0.0,Domain-Specific Applications
microsoft/ai-edu,31803,large,167.0,5.251076942426815,0.0,0.0,4.0,0.0,1.0,162.0,0.0,0.0,0.0,0.0,0.0,0.0,0.0,0.0,0.0,0.0,Domain-Specific Applications
microsoft/botbuilder-python,47236,large,0.0,0.0,0.0,0.0,0.0,0.0,0.0,0.0,0.0,0.0,0.0,0.0,0.0,0.0,0.0,0.0,0.0,0.0,ML Frameworks / Libraries
microsoft/DeepSpeed,96442,large,79.0,0.8191451857074719,3.0,76.0,1.0,0.0,0.0,0.0,2.0,0.0,0.0,0.0,0.0,0.0,0.0,0.0,2.0,0.0,ML Frameworks / Libraries
microsoft/MMdnn,27846,large,2.0,0.07182360123536594,0.0,0.0,0.0,0.0,0.0,0.0,2.0,0.0,0.0,0.0,0.0,0.0,0.0,0.0,0.0,0.0,ML Frameworks / Libraries
mindsdb/mindsdb,134139,large,1187.0,8.849029737809287,0.0,0.0,896.0,104.0,114.0,0.0,0.0,41.0,0.0,28.0,4.0,0.0,2.0,0.0,0.0,0.0,Natural Language Processing
mlflow/mlflow,320527,large,864.0,2.695560748392491,206.0,3.0,707.0,52.0,34.0,5.0,9.0,45.0,0.0,9.0,0.0,0.0,0.0,0.0,0.0,0.0,MLOps / Deployment
mlperf/inference,52082,large,67.0,1.2864329326830766,0.0,0.0,15.0,16.0,24.0,0.0,5.0,0.0,0.0,3.0,4.0,0.0,3.0,0.0,0.0,0.0,ML Frameworks / Libraries
mlperf/training,78482,large,14.0,0.17838485257766112,0.0,9.0,3.0,0.0,0.0,0.0,2.0,0.0,0.0,0.0,0.0,0.0,0.0,0.0,0.0,0.0,ML Frameworks / Libraries
mozilla/bugbug,28261,large,152.0,5.37843671490747,0.0,0.0,8.0,0.0,143.0,0.0,0.0,0.0,0.0,1.0,0.0,0.0,0.0,0.0,0.0,0.0,Natural Language Processing
NVIDIA/DeepLearningExamples,294144,large,304.0,1.0335073977371627,5.0,19.0,109.0,79.0,35.0,0.0,9.0,36.0,0.0,7.0,9.0,0.0,0.0,12.0,0.0,1.0,Natural Language Processing
NVIDIA/Megatron-LM,135466,large,51.0,0.37647823069995423,2.0,12.0,4.0,0.0,0.0,0.0,35.0,0.0,0.0,0.0,0.0,0.0,0.0,0.0,1.0,0.0,Natural Language Processing
NVIDIA/NeMo,422797,large,421.0,0.9957497333235571,3.0,4.0,64.0,9.0,51.0,9.0,280.0,0.0,0.0,4.0,0.0,0.0,1.0,0.0,0.0,0.0,Natural Language Processing
NVIDIA/TRTorch,91885,large,9.0,0.09794852260978397,3.0,2.0,3.0,0.0,0.0,0.0,4.0,0.0,0.0,0.0,0.0,0.0,0.0,0.0,0.0,0.0,ML Frameworks / Libraries
NVIDIAGameWorks/kaolin,42464,large,0.0,0.0,0.0,0.0,0.0,0.0,0.0,0.0,0.0,0.0,0.0,0.0,0.0,0.0,0.0,0.0,0.0,0.0,ML Frameworks / Libraries
onnx/tensorflow-onnx,61422,large,8.0,0.13024649148513562,138.0,0.0,0.0,0.0,0.0,8.0,0.0,0.0,0.0,0.0,0.0,0.0,0.0,0.0,0.0,0.0,ML Frameworks / Libraries
opencv/cvat,94933,large,1.0,0.010533744851632203,0.0,0.0,0.0,0.0,0.0,0.0,1.0,0.0,0.0,0.0,0.0,0.0,0.0,0.0,0.0,0.0,Computer Vision
opencv/open_model_zoo,91679,large,29.0,0.3163210768005759,1.0,0.0,2.0,5.0,0.0,19.0,0.0,1.0,0.0,2.0,0.0,0.0,0.0,0.0,0.0,0.0,ML Frameworks / Libraries
opencv/openvino_training_extensions,70685,large,64.0,0.9054254792388767,3.0,0.0,12.0,12.0,0.0,2.0,35.0,0.0,0.0,3.0,0.0,0.0,0.0,0.0,0.0,0.0,Computer Vision
OpenMined/PySyft,74198,large,47.0,0.633440254454298,0.0,0.0,41.0,3.0,0.0,0.0,0.0,3.0,0.0,0.0,0.0,0.0,0.0,0.0,0.0,0.0,ML Frameworks / Libraries
open-mmlab/mmcv,27143,large,19.0,0.6999963158088641,5.0,8.0,0.0,0.0,0.0,2.0,9.0,0.0,0.0,0.0,0.0,0.0,0.0,0.0,0.0,0.0,Computer Vision
open-mmlab/mmdetection,161864,large,107.0,0.6610487816932733,4.0,0.0,4.0,0.0,0.0,7.0,96.0,0.0,0.0,0.0,0.0,0.0,0.0,0.0,0.0,0.0,Computer Vision
openvinotoolkit/openvino,145379,large,9.0,0.06190715302760372,5.0,0.0,2.0,1.0,0.0,2.0,4.0,0.0,0.0,0.0,0.0,0.0,0.0,0.0,0.0,0.0,Natural Language Processing
PaddlePaddle/models,45510,large,68.0,1.4941771039332015,0.0,3.0,2.0,2.0,35.0,26.0,0.0,0.0,0.0,0.0,0.0,0.0,0.0,0.0,0.0,0.0,Natural Language Processing
PaddlePaddle/PARL,48648,large,71.0,1.4594639039631638,0.0,0.0,0.0,0.0,0.0,69.0,2.0,0.0,0.0,0.0,0.0,0.0,0.0,0.0,0.0,0.0,Reinforcement Learning
pgmpy/pgmpy,45648,large,267.0,5.8491062039957935,32.0,0.0,153.0,35.0,7.0,3.0,0.0,67.0,0.0,2.0,0.0,0.0,0.0,0.0,0.0,0.0,Data Science / Traditional ML
Project-MONAI/MONAI,150944,large,165.0,1.09312062751749,22.0,1.0,6.0,0.0,0.0,0.0,158.0,0.0,0.0,0.0,0.0,0.0,0.0,0.0,0.0,0.0,Computer Vision
pymc-devs/pymc3,59576,large,32.0,0.5371290452531221,749.0,0.0,8.0,1.0,0.0,23.0,0.0,0.0,0.0,0.0,0.0,0.0,0.0,0.0,0.0,0.0,Data Science / Traditional ML
pyro-ppl/pyro,89231,large,34.0,0.38103349732716213,20.0,7.0,8.0,2.0,0.0,0.0,15.0,2.0,0.0,0.0,0.0,0.0,0.0,0.0,0.0,0.0,ML Frameworks / Libraries
pytorch/audio,40441,large,5.0,0.12363690314285007,2.0,3.0,0.0,0.0,0.0,0.0,2.0,0.0,0.0,0.0,0.0,0.0,0.0,0.0,0.0,0.0,ML Frameworks / Libraries
pytorch/botorch,89598,large,43.0,0.4799214268175629,1.0,24.0,0.0,1.0,1.0,0.0,17.0,0.0,0.0,0.0,0.0,0.0,0.0,0.0,0.0,0.0,ML Frameworks / Libraries
pytorch/captum,42238,large,4.0,0.09470145366731379,2.0,2.0,0.0,0.0,0.0,0.0,2.0,0.0,0.0,0.0,0.0,0.0,0.0,0.0,0.0,0.0,ML Frameworks / Libraries
pytorch/fairseq,145783,large,60.0,0.4115706220889953,2.0,2.0,8.0,3.0,0.0,0.0,47.0,0.0,0.0,0.0,0.0,0.0,0.0,0.0,0.0,0.0,ML Frameworks / Libraries
pytorch/ignite,48124,large,7.0,0.14545756794946388,4.0,2.0,4.0,0.0,0.0,0.0,0.0,1.0,0.0,0.0,0.0,0.0,0.0,0.0,1.0,0.0,ML Frameworks / Libraries
pytorch/serve,31729,large,13.0,0.40971981468057617,1.0,1.0,6.0,0.0,0.0,0.0,2.0,4.0,0.0,0.0,0.0,0.0,0.0,0.0,0.0,0.0,MLOps / Deployment
pytorch/vision,76374,large,9.0,0.11784115012962527,2.0,6.0,0.0,0.0,0.0,2.0,0.0,0.0,0.0,1.0,0.0,0.0,0.0,0.0,6.0,0.0,Computer Vision
PyTorchLightning/pytorch-lightning,86858,large,30.0,0.34539132837504893,19.0,11.0,2.0,0.0,0.0,0.0,17.0,0.0,0.0,0.0,0.0,0.0,0.0,0.0,4.0,0.0,ML Frameworks / Libraries
quantumlib/Cirq,169329,large,113.0,0.6673399122418486,0.0,0.0,45.0,13.0,1.0,51.0,0.0,3.0,0.0,0.0,0.0,0.0,0.0,0.0,0.0,0.0,ML Frameworks / Libraries
ray-project/ray,637199,large,714.0,1.1205290654881757,12.0,26.0,517.0,50.0,54.0,2.0,14.0,43.0,5.0,3.0,0.0,0.0,1.0,0.0,3.0,0.0,Natural Language Processing
ROCmSoftwarePlatform/tensorflow-upstream,757020,large,22.0,0.02906131938390003,44.0,0.0,0.0,0.0,0.0,21.0,0.0,1.0,0.0,0.0,0.0,0.0,0.0,0.0,0.0,0.0,ML Frameworks / Libraries
rusty1s/pytorch_geometric,124071,large,170.0,1.370183201553949,8.0,80.0,54.0,9.0,5.0,0.0,2.0,17.0,0.0,3.0,0.0,0.0,0.0,0.0,0.0,0.0,ML Frameworks / Libraries
rwightman/pytorch-image-models,83829,large,15.0,0.1789356905128297,31.0,1.0,2.0,3.0,4.0,0.0,5.0,0.0,0.0,0.0,0.0,0.0,0.0,0.0,0.0,0.0,Computer Vision
rwth-i6/returnn,145490,large,10.0,0.06873324627122139,0.0,0.0,0.0,0.0,0.0,10.0,0.0,0.0,0.0,0.0,0.0,0.0,0.0,1.0,0.0,0.0,ML Frameworks / Libraries
spmallick/learnopencv,120110,large,0.0,0.0,0.0,0.0,0.0,0.0,0.0,0.0,0.0,0.0,0.0,0.0,0.0,0.0,0.0,0.0,0.0,0.0,Computer Vision
stanfordnlp/stanza,51429,large,17.0,0.33055280094888095,0.0,7.0,0.0,0.0,0.0,0.0,10.0,0.0,0.0,0.0,0.0,0.0,0.0,0.0,0.0,0.0,Natural Language Processing
streamlit/streamlit,113797,large,23.0,0.2021142912379061,0.0,0.0,18.0,3.0,0.0,0.0,0.0,2.0,0.0,0.0,0.0,0.0,0.0,0.0,0.0,0.0,Data Science / Traditional ML
tensorflow/addons,28322,large,14.0,0.4943153732081068,28.0,0.0,0.0,0.0,0.0,14.0,0.0,0.0,0.0,0.0,0.0,0.0,0.0,7.0,0.0,0.0,ML Frameworks / Libraries
tensorflow/data-validation,28157,large,44.0,1.5626664772525483,0.0,0.0,28.0,12.0,0.0,0.0,0.0,4.0,0.0,0.0,0.0,0.0,0.0,0.0,0.0,0.0,ML Frameworks / Libraries
tensorflow/examples,31727,large,17.0,0.5358212248242822,5.0,0.0,9.0,0.0,0.0,0.0,0.0,8.0,0.0,0.0,0.0,0.0,0.0,0.0,0.0,0.0,ML Frameworks / Libraries
tensorflow/federated,96954,large,0.0,0.0,16.0,0.0,0.0,0.0,0.0,0.0,0.0,0.0,0.0,0.0,0.0,0.0,0.0,0.0,0.0,0.0,ML Frameworks / Libraries
tensorflow/graphics,33411,large,3.0,0.08979078746520607,20.0,0.0,0.0,0.0,0.0,2.0,0.0,0.0,0.0,0.0,0.0,0.0,0.0,11.0,0.0,1.0,ML Frameworks / Libraries
tensorflow/model-analysis,49874,large,24.0,0.48121265589284995,0.0,0.0,18.0,3.0,1.0,1.0,0.0,1.0,0.0,0.0,0.0,0.0,0.0,0.0,0.0,0.0,ML Frameworks / Libraries
tensorflow/models,379080,large,79.0,0.20839928247335657,20.0,1.0,35.0,12.0,4.0,25.0,0.0,0.0,0.0,1.0,0.0,0.0,0.0,56.0,0.0,1.0,ML Frameworks / Libraries
tensorflow/privacy,30114,large,21.0,0.6973500697350069,6.0,0.0,4.0,1.0,0.0,16.0,0.0,0.0,0.0,0.0,0.0,0.0,0.0,0.0,0.0,0.0,ML Frameworks / Libraries
TheAlgorithms/Python,46108,large,53.0,1.149475145311009,1.0,0.0,2.0,4.0,0.0,47.0,0.0,0.0,0.0,0.0,0.0,0.0,1.0,0.0,0.0,0.0,Domain-Specific Applications
thu-ml/tianshou,35503,large,5.0,0.14083316902796947,0.0,0.0,0.0,0.0,1.0,0.0,3.0,1.0,0.0,0.0,0.0,0.0,0.0,0.0,0.0,0.0,Reinforcement Learning
uber/ludwig,95376,large,308.0,3.22932393893642,2.0,0.0,184.0,26.0,70.0,0.0,6.0,11.0,7.0,4.0,0.0,0.0,5.0,0.0,0.0,0.0,Natural Language Processing
UKPLab/sentence-transformers,39022,large,19.0,0.4869048229204039,0.0,11.0,2.0,0.0,0.0,2.0,4.0,0.0,0.0,0.0,0.0,0.0,0.0,0.0,0.0,0.0,Natural Language Processing
Unity-Technologies/ml-agents,27918,large,0.0,0.0,0.0,0.0,0.0,0.0,0.0,0.0,0.0,0.0,0.0,0.0,0.0,0.0,0.0,0.0,0.0,0.0,Reinforcement Learning
vaexio/vaex,63938,large,125.0,1.95501892458319,10.0,0.0,11.0,81.0,14.0,7.0,0.0,12.0,0.0,0.0,0.0,0.0,0.0,0.0,0.0,0.0,Data Science / Traditional ML
VertaAI/modeldb,111928,large,0.0,0.0,43.0,0.0,0.0,0.0,0.0,0.0,0.0,0.0,0.0,0.0,0.0,0.0,0.0,0.0,0.0,0.0,MLOps / Deployment
wandb/client,217482,large,83.0,0.38164077946680647,14.0,4.0,61.0,9.0,3.0,1.0,3.0,2.0,0.0,0.0,0.0,0.0,0.0,0.0,0.0,0.0,Reinforcement Learning
x4nth055/pythoncode-tutorials,41945,large,16.0,0.38145190129932055,5.0,0.0,7.0,6.0,3.0,0.0,0.0,0.0,0.0,0.0,0.0,0.0,0.0,0.0,0.0,0.0,Natural Language Processing
XanaduAI/pennylane,350353,large,31.0,0.08848218796470987,3.0,8.0,0.0,0.0,0.0,23.0,0.0,0.0,0.0,0.0,0.0,0.0,0.0,0.0,0.0,0.0,ML Frameworks / Libraries
XanaduAI/strawberryfields,31745,large,31.0,0.9765317372814616,0.0,0.0,0.0,0.0,0.0,31.0,0.0,0.0,0.0,0.0,0.0,0.0,0.0,0.0,0.0,0.0,ML Frameworks / Libraries
Xilinx/brevitas,58300,large,11.0,0.18867924528301888,26.0,5.0,4.0,1.0,0.0,0.0,1.0,0.0,0.0,0.0,0.0,0.0,0.0,0.0,1.0,0.0,ML Frameworks / Libraries
YosefLab/scVI,52441,large,163.0,3.1082549913235824,0.0,0.0,75.0,33.0,9.0,1.0,43.0,2.0,0.0,0.0,0.0,0.0,1.0,0.0,0.0,0.0,Domain-Specific Applications
