GitHub Repo,domain,Lines of Code,Stars,Commits,Contributor Count,Project Size,unused-argument,no-member,protected-access,no-self-use,too-many-arguments,redefined-outer-name,too-many-locals,unsubscriptable-object,syntax-error,too-few-public-methods,attribute-defined-outside-init,abstract-method,no-else-return,unused-variable,fixme,too-many-instance-attributes,redefined-builtin,arguments-differ,logging-fstring-interpolation,no-value-for-parameter,Total_Python_Smells,Python_Smell_Density
aiqm/torchani,ML Frameworks / Libraries,53385,516,990,16,large,29,21,78,39,114,70,46,0,0,12,4,15,2,40,23,12,6,6,0,0,517,9.684368268240142
alfredfrancis/ai-chatbot-framework,Natural Language Processing,2327,2125,470,21,small,6,1,0,8,4,23,0,1,0,25,0,0,1,0,0,2,6,0,18,0,95,40.82509669101848
allegroai/trains,MLOps / Deployment,157601,6293,2561,99,large,114,125,775,65,558,51,196,21,0,192,64,15,122,81,48,448,271,45,2,28,3221,20.437687578124503
amaiya/ktrain,Natural Language Processing,15566,1261,3066,16,medium,63,52,37,32,114,20,65,0,0,11,29,0,63,73,11,14,6,36,0,1,627,40.28009764872157
analyticalmindsltd/smote_variants,Data Science / Traditional ML,21361,673,498,5,medium,3,23,0,68,6,10,14,0,0,0,3,0,0,0,1,0,1,0,1,0,130,6.0858574036796025
apache/beam,MLOps / Deployment,249436,8304,45656,842,large,739,900,1955,1589,461,367,224,1073,1,1507,415,1241,710,20,693,180,409,1108,45,163,13800,55.32481277762633
apache/submarine,MLOps / Deployment,13139,706,1051,63,medium,90,107,4,22,53,43,11,0,0,12,2,0,24,5,12,21,52,2,0,20,480,36.5324606134409
ARM-software/CMSIS_5,Domain-Specific Applications,480,1522,3264,114,small,5,0,0,1,0,0,0,0,0,0,0,0,2,0,0,0,0,0,1,0,9,18.75
arogozhnikov/einops,ML Frameworks / Libraries,4042,9199,713,31,small,4,5,3,5,4,1,16,0,0,6,46,24,11,14,2,0,22,2,0,1,166,41.06877783275606
arogozhnikov/hep_ml,Data Science / Traditional ML,2839,192,371,10,small,14,5,5,4,15,3,10,0,0,0,77,2,11,3,2,8,5,1,0,1,166,58.47129270870025
arviz-devs/arviz,Data Science / Traditional ML,33576,1729,1614,173,large,9,6,0,189,132,0,137,11,0,22,14,0,41,0,30,4,1,0,0,0,596,17.75077436263998
autorope/donkeycar,ML Frameworks / Libraries,22292,3314,2204,112,medium,119,17,12,140,66,223,31,8,0,89,67,18,42,91,16,44,41,9,146,3,1182,53.02350619056163
avrae/avrae,Domain-Specific Applications,35896,439,6107,42,large,75,45,102,11,103,89,70,57,43,89,7,0,89,23,14,38,20,8,114,7,1004,27.969690216180076
awslabs/amazon-sagemaker-examples,Reinforcement Learning,70067,10746,3175,531,large,233,187,272,132,195,473,204,1,1,106,221,23,107,239,46,59,36,18,329,16,2898,41.360412176916384
bayesiains/nflows,ML Frameworks / Libraries,6408,958,161,22,small,10,0,3,6,41,1,10,0,0,4,44,3,16,14,4,3,0,2,0,0,161,25.124843945068662
Belval/TextRecognitionDataGenerator,Computer Vision,3319,3571,156,32,small,0,0,0,5,11,3,12,0,0,0,0,0,5,15,1,2,1,0,0,0,55,16.57125640253088
beringresearch/ivis,Data Science / Traditional ML,2011,338,584,8,small,5,0,2,1,7,17,4,0,0,13,0,0,0,31,0,5,1,0,0,0,86,42.76479363500746
bethgelab/foolbox,ML Frameworks / Libraries,8798,2903,1711,32,small,59,4,11,43,45,8,69,0,0,14,1,0,16,33,29,5,2,9,5,7,360,40.91839054330529
BindsNET/bindsnet,Reinforcement Learning,14028,1625,2124,46,medium,42,42,4,23,65,22,48,17,0,28,224,8,9,33,2,28,13,4,0,0,612,43.62703165098375
bitextor/bitextor,Natural Language Processing,4658,295,4001,23,small,1,15,0,0,11,48,14,0,0,2,0,1,4,17,10,0,0,0,9,0,132,28.338342636324604
BloodAxe/pytorch-toolbelt,Computer Vision,12133,1556,1245,7,medium,15,12,2,26,114,4,25,0,0,2,2,26,26,26,3,28,24,18,8,0,361,29.753564658369736
brainiak/brainiak,Domain-Specific Applications,17865,358,406,32,medium,72,39,98,30,73,137,102,2,0,9,174,0,31,108,0,17,14,3,10,36,955,53.45647914917436
bulletphysics/bullet3,Reinforcement Learning,100791,13791,9404,223,large,119,153,585,177,135,217,130,4,0,83,515,24,73,297,98,107,77,21,0,14,2829,28.06798226032086
Calamari-OCR/calamari,Computer Vision,11088,1166,479,19,medium,29,11,28,93,16,12,23,0,0,43,2,0,23,38,5,10,14,5,45,18,415,37.42784992784993
calico/basenji,Domain-Specific Applications,39869,452,2009,7,large,61,419,1,5,123,11,294,1,0,3,54,0,40,267,7,22,2,33,0,66,1409,35.3407409265344
cgre-aachen/gempy,Reinforcement Learning,9841,1158,3113,26,small,5,15,28,9,15,18,7,46,24,3,1,0,7,37,32,6,8,0,0,0,261,26.521694949700233
CLUEbenchmark/CLUE,Natural Language Processing,48963,4188,528,20,large,66,2768,125,111,396,72,353,1,1,89,36,13,119,59,27,62,12,15,2,197,4524,92.39629924636971
commaai/openpilot,Domain-Specific Applications,45846,56169,15894,672,large,240,59,184,226,113,214,101,519,12,128,182,3,47,16,157,107,0,0,67,2,2377,51.847489421105436
cornellius-gp/gpytorch,ML Frameworks / Libraries,24163,3777,3975,115,medium,68,60,127,70,63,25,72,6,0,15,19,95,80,33,42,5,54,176,0,0,1010,41.79944543310019
CornellNLP/Cornell-Conversational-Analysis-Toolkit,Natural Language Processing,16129,603,1497,26,medium,20,194,10,32,93,10,54,2,0,3,25,0,23,42,2,22,16,93,0,1,642,39.80407960815921
cornell-zhang/heterocl,ML Frameworks / Libraries,20269,341,1123,17,medium,42,374,52,61,56,110,70,0,0,58,26,0,5,169,22,3,4,0,0,3,1055,52.04992846218363
cpnota/autonomous-learning-library,Reinforcement Learning,10618,652,300,9,medium,12,6,48,56,32,0,1,0,0,28,3,0,3,15,0,19,6,27,0,0,256,24.1100018835939
creme-ml/creme,Data Science / Traditional ML,31014,5558,3982,121,large,124,50,265,32,154,22,56,13,0,33,72,13,80,21,27,59,7,100,1,1,1130,36.43515831559941
danielegrattarola/spektral,ML Frameworks / Libraries,10445,2384,1134,24,medium,18,1,1,16,40,78,21,0,0,29,123,0,39,16,6,13,1,37,0,65,504,48.2527525131642
datamllab/rlcard,Reinforcement Learning,12848,3249,875,35,medium,6,45,32,14,15,13,28,0,0,42,66,3,26,17,28,24,1,1,1,0,362,28.175591531755916
data-science-on-aws/workshop,MLOps / Deployment,95889,3409,3376,14,large,1988,739,2676,215,502,748,347,2,4,229,95,78,502,318,147,67,325,53,111,22,9168,95.6105496980884
deepchem/deepchem,Data Science / Traditional ML,105916,6227,10635,189,large,300,260,290,462,516,105,469,31,3,190,273,656,233,558,141,167,79,195,19,87,5034,47.52822991804827
deepfakes/faceswap,Computer Vision,46036,54523,1840,81,large,2,7,4,67,88,1,12,244,0,59,0,2,0,1,55,84,1,0,0,0,627,13.619775827613173
deepmedic/deepmedic,Computer Vision,6072,1059,540,6,small,8,9,1,13,43,31,32,1,0,4,4,0,11,13,18,9,28,5,0,27,257,42.325428194993414
deepmind/dm-haiku,ML Frameworks / Libraries,20792,3100,1024,82,medium,0,53,8,99,59,0,26,504,0,118,22,8,45,2,59,11,0,3,0,2,1019,49.00923432089265
deepmind/open_spiel,Reinforcement Learning,64877,4753,4740,187,large,44,151,219,277,219,1,213,80,0,79,171,16,193,1,84,111,0,15,0,41,1915,29.517394454120875
deepmind/sonnet,ML Frameworks / Libraries,13196,9884,873,56,medium,0,4,31,14,49,0,16,0,0,23,64,162,30,0,68,16,0,22,0,182,681,51.60654743861776
deepmipt/DeepPavlov,Natural Language Processing,16907,6934,2711,70,medium,77,17,7,29,91,21,94,0,0,30,78,1,44,79,20,34,5,139,142,0,908,53.70556574200035
deezer/spleeter,ML Frameworks / Libraries,2291,27410,540,15,small,1,7,16,2,11,7,6,0,0,1,4,0,3,0,0,3,0,2,9,8,80,34.919249236141425
determined-ai/determined,MLOps / Deployment,93990,3190,8394,99,large,268,133,1091,103,116,337,101,0,1,112,53,4,82,80,100,82,98,10,232,8,3011,32.0353229066922
DigitalSlideArchive/HistomicsTK,Computer Vision,11307,446,3031,30,medium,11,78,41,71,65,14,66,17,0,26,64,0,12,13,4,9,7,0,0,0,498,44.04351286813478
DLR-RM/stable-baselines3,Reinforcement Learning,14536,11626,907,155,medium,69,5,23,7,69,10,38,189,0,17,6,2,28,0,4,28,1,32,0,7,535,36.80517336268574
dmlc/dgl,Domain-Specific Applications,197271,14080,4417,288,large,548,4510,860,145,922,1508,817,4,0,246,397,118,375,777,174,230,296,40,73,162,12202,61.85399779998073
DSE-MSU/DeepRobust,ML Frameworks / Libraries,14598,1059,858,17,medium,100,18,6,56,175,259,71,0,2,16,233,22,23,184,23,54,24,51,0,1,1318,90.286340594602
dwadden/dygiepp,Natural Language Processing,7411,587,712,11,small,11,36,21,7,22,22,33,4,0,11,11,0,14,24,47,15,1,0,0,0,279,37.64674133045473
eleurent/rl-agents,Reinforcement Learning,6640,683,787,6,small,48,29,1,20,40,7,18,0,0,18,34,0,21,60,6,10,2,6,1,1,322,48.493975903614455
EpistasisLab/tpot,Data Science / Traditional ML,8506,9987,551,9,small,78,39,14,25,34,7,16,0,5,14,77,0,44,34,91,16,6,16,0,28,544,63.954855396190915
ethen8181/machine-learning,Data Science / Traditional ML,2780,3415,520,10,small,13,4,2,7,18,13,10,1,1,6,54,0,12,9,1,11,1,0,0,0,163,58.63309352517985
evilsocket/pwnagotchi,Reinforcement Learning,12470,8621,1744,139,medium,100,174,10,77,26,5,13,5,0,16,18,0,12,32,1,16,9,2,32,4,552,44.26623897353649
explosion/prodigy-recipes,Natural Language Processing,3842,502,210,12,small,11,45,5,0,27,48,16,0,0,0,0,0,1,12,0,0,1,0,0,1,167,43.46694429984383
explosion/spacy-transformers,Natural Language Processing,2897,1394,1485,20,small,16,4,31,1,9,46,11,0,0,1,5,0,2,20,1,0,0,0,0,0,147,50.74214704867104
facebookresearch/CrypTen,MLOps / Deployment,21718,1618,359,27,medium,41,418,169,18,46,26,69,6,0,6,33,53,54,8,63,3,183,156,9,4,1365,62.8510912607054
facebookresearch/habitat-api,Computer Vision,64676,2581,937,61,large,324,17,307,92,200,39,153,68,0,127,209,55,125,44,135,109,0,205,75,8,2292,35.43818417960294
facebookresearch/mmf,ML Frameworks / Libraries,43269,5592,1108,82,large,226,171,75,183,145,20,89,2,36,66,236,67,80,38,54,84,9,105,55,7,1748,40.39843768055652
facebookresearch/nevergrad,Data Science / Traditional ML,32642,4118,1145,56,large,4,94,330,34,26,19,20,2,0,49,5,0,56,4,67,9,0,7,0,0,726,22.241284235034616
facebookresearch/ReAgent,Reinforcement Learning,49789,3665,1614,83,large,155,147,138,181,163,62,133,11,0,111,91,78,97,70,90,92,91,23,257,5,1995,40.06909156641025
fastai/fastai,ML Frameworks / Libraries,14973,27456,2882,241,medium,371,169,46,35,179,190,34,0,0,36,215,9,26,37,14,16,13,18,0,17,1425,95.17130835503906
f-dangel/backpack,ML Frameworks / Libraries,16500,592,1818,7,medium,187,0,4,68,123,125,14,0,0,8,22,1,27,3,19,7,61,12,0,8,689,41.75757575757576
feast-dev/feast,MLOps / Deployment,98817,6357,4164,298,large,285,481,902,306,383,288,187,212,26,132,18,2,139,153,100,29,13,43,259,12,3970,40.17527348533147
FederatedAI/FATE,MLOps / Deployment,52191,5973,13850,85,large,255,126,270,147,405,102,162,2,0,161,30,68,230,108,63,75,194,121,245,59,2823,54.08978559521756
fepegar/torchio,Computer Vision,14026,2273,1800,60,medium,5,9,16,255,24,15,30,29,0,5,1,0,18,0,0,11,3,3,1,0,425,30.30086981320405
flairNLP/flair,Natural Language Processing,35868,14297,6684,211,large,77,2,150,68,79,12,54,358,15,13,22,52,34,18,11,31,7,47,99,0,1149,32.03412512546002
flatironinstitute/CaImAn,Computer Vision,24964,688,4856,60,medium,112,46,10,10,188,28,213,135,0,6,101,0,65,184,156,12,7,2,121,71,1467,58.76462105431822
freewym/espresso,ML Frameworks / Libraries,141225,942,2439,280,large,400,157,147,329,629,228,447,3,0,119,192,284,289,260,138,249,179,401,238,10,4699,33.27314568950257
FunctionLab/selene,Data Science / Traditional ML,6352,386,860,12,small,10,10,22,0,38,24,23,0,0,3,8,0,22,13,8,15,8,14,0,4,222,34.94962216624685
galaxyproject/galaxy,Domain-Specific Applications,351424,1612,85630,123,large,1511,849,458,1946,952,1106,660,2891,50,1934,235,254,967,554,961,179,987,355,696,12,17557,49.959592970315065
geomstats/geomstats,ML Frameworks / Libraries,52651,1405,10874,76,large,62,1478,54,77,124,12,82,0,0,90,89,30,7,2,88,20,16,61,18,5,2315,43.96877552183245
geoopt/geoopt,ML Frameworks / Libraries,8404,987,218,10,small,45,0,10,3,12,317,15,0,0,8,0,20,58,2,12,3,5,43,0,0,553,65.80199904807235
geyang/ml_logger,Computer Vision,4472,200,831,5,small,71,8,3,10,15,96,11,0,1,15,1,0,22,28,52,2,19,0,0,2,356,79.60644007155635
gjy3035/C-3-Framework,Computer Vision,4303,723,133,6,small,5,0,3,0,14,1,9,0,1,11,7,0,4,9,1,12,1,0,0,0,78,18.12688821752266
google/automl,Computer Vision,22342,6403,733,39,medium,5,11,8,43,85,1,89,18,0,35,89,7,57,2,12,35,1,45,0,54,597,26.720973950407302
google/clusterfuzz,MLOps / Deployment,106396,5478,3690,99,large,36,1517,271,261,179,0,91,41,0,291,8,0,1,0,290,29,5,1,0,0,3021,28.393924583630962
google/fhir,Domain-Specific Applications,80,897,1461,38,small,0,0,0,0,0,0,0,0,0,0,0,0,0,0,0,0,0,0,0,0,0,0.0
google/flax,ML Frameworks / Libraries,64703,6820,5358,258,large,118,97,112,271,141,175,170,879,7,740,132,196,150,129,75,39,38,54,12,20,3555,54.943356567701656
google/ml-metadata,MLOps / Deployment,3619,660,909,20,small,0,89,2,4,6,1,12,0,0,3,5,0,0,0,4,0,0,0,0,3,129,35.64520585797182
google/qkeras,ML Frameworks / Libraries,23397,571,451,27,medium,27,7,58,30,99,4,98,0,0,38,80,0,72,18,29,32,4,9,0,35,640,27.35393426507672
google/tf-quant-finance,ML Frameworks / Libraries,50669,4994,960,41,large,9,51,28,16,308,0,259,0,0,41,0,0,63,1,79,35,0,39,0,4,933,18.413625688290672
GoogleCloudPlatform/healthcare,Domain-Specific Applications,7788,386,847,27,small,10,142,12,25,8,27,20,4,3,38,4,0,6,47,1,1,1,3,20,0,372,47.76579352850539
GoogleCloudPlatform/ml-on-gcp,Data Science / Traditional ML,9308,506,376,27,small,8,363,0,17,69,19,27,0,1,13,34,0,28,6,16,7,0,4,0,27,639,68.65062311989686
GoogleCloudPlatform/professional-services,MLOps / Deployment,82363,2944,2324,288,large,186,636,151,198,242,290,210,25,7,194,176,1,95,75,33,59,30,12,377,68,3065,37.213311802629825
GoogleCloudPlatform/python-docs-samples,MLOps / Deployment,138315,7839,11996,629,large,652,608,174,146,278,3154,193,57,1,232,32,0,59,154,622,7,54,3,123,27,6576,47.54365036330116
GoogleCloudPlatform/training-data-analyst,MLOps / Deployment,108122,8292,7963,205,large,1068,1505,1138,642,765,468,416,11,49,601,266,92,824,519,1325,188,645,151,2,278,10953,101.30223266310279
google-research/google-research,ML Frameworks / Libraries,1307312,36441,4848,639,large,1193,3200,868,2501,5490,420,5174,434,29,2788,4520,338,2283,330,1410,1345,26,740,44,2610,35743,27.340833710697982
google-research/meta-dataset,ML Frameworks / Libraries,15178,790,319,22,medium,6,30,0,16,79,0,75,0,0,16,27,23,30,0,101,11,0,16,0,672,1102,72.60508630913164
google-research/tensor2robot,ML Frameworks / Libraries,16147,560,237,14,medium,123,18,16,91,129,0,52,0,0,33,34,0,27,0,23,12,0,3,0,0,561,34.74329596829132
google-research/text-to-text-transfer-transformer,ML Frameworks / Libraries,8552,6425,601,57,small,0,11,14,35,33,0,14,0,0,10,0,0,17,0,14,1,0,8,0,1,158,18.475210477081383
GRAAL-Research/poutyne,ML Frameworks / Libraries,12874,576,774,20,medium,20,0,0,27,0,0,0,0,0,8,94,0,0,0,0,28,0,1,0,0,178,13.826316607115116
graphbrain/graphbrain,Natural Language Processing,10180,618,3218,7,small,18,204,0,19,21,0,8,11,0,10,0,0,30,4,1,3,1,2,29,2,363,35.6581532416503
greentfrapp/lucent,ML Frameworks / Libraries,2009,643,191,11,small,1,1,6,11,7,21,3,0,0,0,0,4,7,8,1,1,2,2,0,0,75,37.33200597312096
guildai/guildai,MLOps / Deployment,51790,889,5779,23,large,9,143,285,40,116,318,38,0,1,119,24,1,31,23,19,26,143,14,1,29,1380,26.64607067001352
guillaume-be/rust-bert,Natural Language Processing,176,2951,1120,47,small,0,0,0,0,0,2,0,0,0,0,0,0,0,0,0,0,0,0,3,0,5,28.409090909090907
hastagAB/Awesome-Python-Scripts,Domain-Specific Applications,7569,2263,471,133,small,21,12,1,9,2,117,8,0,8,7,55,0,30,31,0,5,11,0,0,0,317,41.88135817148897
heartexlabs/label-studio,Computer Vision,52356,24894,5537,138,large,544,3,86,268,57,206,61,53,0,710,41,0,97,80,67,6,33,0,347,0,2659,50.786920314768125
henrysky/astroNN,ML Frameworks / Libraries,10096,204,2181,5,small,26,386,12,4,19,20,31,0,0,4,2,0,30,69,29,19,9,27,18,4,709,70.2258320126783
home-assistant/core,Domain-Specific Applications,2109291,81605,99340,1026,large,15124,915,1694,272,2461,3772,543,8496,30619,1894,999,5586,0,54,32,617,105,11,5,16,73215,34.710715591163094
huggingface/transformers,Natural Language Processing,988895,150377,20591,3231,large,3957,3561,2687,1499,6595,518,4508,11167,8,415,311,5633,722,1721,823,2523,299,1611,1070,35,49663,50.22070088330915
huseinzol05/Malaya,Natural Language Processing,603277,506,942,10,large,666,2929,132,213,553,404,519,1,16,104,75,119,218,413,47,196,44,78,300,398,7425,12.307779013620609
IBM/adversarial-robustness-toolbox,Data Science / Traditional ML,80632,5560,13028,109,large,127,35,290,103,399,299,462,2,0,44,78,11,13,206,18,81,4,89,0,24,2285,28.33862486357774
IBM/AIF360,Computer Vision,13835,2657,438,63,medium,30,17,10,36,81,49,68,3,0,13,148,23,38,75,21,18,3,26,0,1,660,47.70509577159378
IBM/AIX360,Domain-Specific Applications,17132,1735,633,26,medium,50,97,14,47,86,77,76,0,0,21,156,4,43,112,7,26,7,40,0,0,863,50.37356992762083
IBM/lale,Data Science / Traditional ML,80917,343,1540,27,large,119,266,279,155,40,0,91,5,0,33,124,13,263,0,86,17,0,3,84,46,1624,20.06994821854493
idealo/image-super-resolution,Computer Vision,2788,4789,151,8,small,25,3,42,9,8,0,5,0,0,6,4,0,14,11,0,5,10,2,0,0,144,51.64992826398852
interpretml/DiCE,Domain-Specific Applications,7492,1446,791,23,small,25,93,25,66,69,9,23,0,0,19,274,0,39,13,14,14,1,14,0,4,702,93.69994660971703
interpretml/interpret-community,Reinforcement Learning,10499,435,486,22,medium,50,59,142,219,32,19,42,0,0,47,26,0,53,31,11,10,3,23,0,0,767,73.05457662634537
interpretml/interpret-text,Natural Language Processing,6861,426,152,18,small,31,14,4,30,22,39,22,1,0,15,35,0,13,23,11,7,7,4,1,0,279,40.664626147791864
jaakkopasanen/AutoEq,Domain-Specific Applications,4958,14749,896,18,small,18,2,0,15,26,0,17,4,0,6,12,0,2,21,0,6,0,0,0,0,129,26.01855586930214
jantic/DeOldify,Computer Vision,12886,18416,524,37,medium,59,24,19,51,161,42,46,0,0,25,188,9,41,62,20,31,36,111,0,4,929,72.09374514977495
jeongyoonlee/Kaggler,Data Science / Traditional ML,2665,752,254,8,small,17,3,1,1,9,2,10,0,0,2,35,0,4,7,0,6,1,0,10,1,109,40.90056285178236
jessevig/bertviz,Natural Language Processing,7099,7652,308,5,small,12,0,5,13,61,1,44,0,0,3,5,42,18,6,1,22,3,16,0,0,252,35.49795745879701
joeynmt/joeynmt,ML Frameworks / Libraries,9765,702,904,30,small,0,2,0,0,36,0,27,0,0,0,0,3,0,0,17,5,1,0,0,2,93,9.523809523809526
jrzaurin/pytorch-widedeep,Natural Language Processing,32158,1377,965,10,large,11,129,57,25,124,189,69,4,0,23,130,18,56,55,0,64,31,12,0,3,1000,31.096461222712854
junyanz/pytorch-CycleGAN-and-pix2pix,Computer Vision,2037,24516,535,59,small,8,29,1,11,9,8,4,0,0,2,43,1,3,2,0,6,11,0,0,0,138,67.74668630338734
kakao/buffalo,Domain-Specific Applications,6686,578,580,22,small,20,87,57,32,16,3,23,0,0,1,76,2,17,16,7,9,11,21,26,6,430,64.31349087645827
kaushaltrivedi/fast-bert,Natural Language Processing,9128,1905,346,27,small,49,4,1,10,69,2,43,0,0,12,4,0,28,26,0,17,1,10,0,2,278,30.455740578439965
keras-team/autokeras,ML Frameworks / Libraries,7356,9269,1394,131,small,32,10,9,13,18,22,4,0,0,2,2,4,8,5,13,2,0,13,0,0,157,21.343121261555194
keras-team/keras-tuner,ML Frameworks / Libraries,10943,2903,1087,57,medium,33,191,233,27,39,4,6,0,0,8,6,40,12,4,7,1,0,16,0,1,628,57.388284748240885
kermitt2/delft,Natural Language Processing,11351,404,942,5,medium,43,8,15,40,70,277,74,4,0,13,42,0,28,52,3,21,8,0,11,12,721,63.518632719584176
kermitt2/grobid,Reinforcement Learning,293,4335,3832,49,small,0,0,0,0,0,8,1,0,0,0,0,0,0,7,0,0,0,0,0,0,16,54.60750853242321
KevinMusgrave/pytorch-metric-learning,Computer Vision,15569,6232,1309,38,medium,24,5,1,62,78,2,92,3,0,7,89,16,22,21,0,12,6,23,2,0,465,29.867043483846103
kipoi/kipoi,Domain-Specific Applications,9782,238,1333,19,small,21,13,79,4,23,90,16,1,1,40,1,2,53,60,52,5,15,9,3,0,488,49.88754855857698
koaning/scikit-lego,Data Science / Traditional ML,10542,1360,569,60,medium,98,42,23,6,26,171,5,26,1,6,167,0,10,40,6,16,0,4,3,2,652,61.84784670840448
kornia/kornia,Computer Vision,84657,10774,2965,289,large,302,1,215,1520,462,216,223,27,1,64,113,449,77,3,340,65,712,94,14,1,4899,57.86881179347248
kubeflow/examples,MLOps / Deployment,11038,1447,544,93,medium,10,104,9,10,25,48,22,0,0,33,1,0,0,21,35,4,1,6,6,8,343,31.07447001268346
kubeflow/katib,MLOps / Deployment,15845,1628,1361,135,medium,28,98,123,89,67,22,19,2,0,14,20,0,30,18,345,39,29,1,21,6,971,61.28116124960555
kubeflow/kfserving,MLOps / Deployment,62085,4593,1896,294,large,82,136,159,260,145,211,58,13,0,247,17,0,178,265,29,98,15,25,36,0,1974,31.79511959410486
kubeflow/pipelines,MLOps / Deployment,110404,3954,6514,456,large,653,510,772,325,378,197,208,12,4,94,149,1,192,506,110,82,141,1,84,493,4912,44.491141625303435
kubeflow-kale/kale,MLOps / Deployment,6510,640,649,8,small,71,11,13,11,14,4,11,0,0,22,4,1,9,7,44,2,1,6,0,13,244,37.48079877112135
l3p-cv/lost,Computer Vision,15154,572,2908,12,medium,20,6,1,181,17,87,20,19,11,130,0,0,188,36,30,9,7,0,21,3,786,51.86749373102811
lab-ml/labml,ML Frameworks / Libraries,16420,2232,2362,8,medium,59,32,18,12,9,8,7,1,0,88,21,10,77,43,8,25,2,21,16,3,460,28.014616321559075
learnables/cherry,Reinforcement Learning,11180,199,415,9,medium,18,4,30,9,24,30,36,2,0,8,9,31,6,44,9,15,7,14,0,0,296,26.475849731663683
limbo018/DREAMPlace,ML Frameworks / Libraries,14304,866,787,24,medium,51,11,0,58,95,62,73,9,0,12,49,264,21,73,2,30,6,63,8,3,890,62.22035794183446
lsds/KungFu,ML Frameworks / Libraries,7566,298,384,7,small,42,266,17,6,10,30,13,0,0,18,27,3,28,30,38,3,1,1,0,6,539,71.23975680676712
magenta/ddsp,Domain-Specific Applications,9882,3115,472,26,small,0,13,0,13,63,0,33,0,0,12,27,3,35,0,13,11,0,85,0,36,344,34.81076705120421
magenta/magenta,Domain-Specific Applications,44690,19667,1425,143,large,0,198,0,69,186,0,192,3,0,84,102,46,77,0,49,31,0,14,0,0,1051,23.517565450883865
MAIF/melusine,Natural Language Processing,7613,360,806,26,small,35,1,3,4,10,19,1,0,0,3,0,0,5,14,0,2,0,6,27,0,130,17.07605411795613
MarkUsProject/Markus,Domain-Specific Applications,1705,267,16658,177,small,0,10,0,0,0,0,0,0,3,11,1,0,10,0,1,0,12,0,0,0,48,28.1524926686217
masa-su/pixyz,ML Frameworks / Libraries,5683,499,901,11,small,34,0,15,30,33,87,26,0,0,43,8,14,12,109,11,4,5,27,0,0,458,80.59123702269929
MIC-DKFZ/nnUNet,Computer Vision,14017,7341,1773,77,medium,15,7,23,6,142,78,62,6,0,17,6,8,14,34,15,8,8,11,0,0,460,32.81729328672327
michaelhush/M-LOOP,Data Science / Traditional ML,4607,167,655,11,small,12,13,8,2,13,1,7,0,0,4,50,0,5,10,4,17,1,0,2,0,149,32.34208812676362
microsoft/ai-edu,Domain-Specific Applications,31803,13977,694,58,large,119,134,9,126,209,1331,103,29,0,103,937,1,94,266,3,133,132,24,0,4,3757,118.13350941735057
microsoft/botbuilder-python,ML Frameworks / Libraries,47236,764,1826,68,large,26,35,0,212,119,12,27,8,0,429,12,0,1,5,112,36,86,0,0,0,1120,23.710729104919974
microsoft/DeepSpeed,ML Frameworks / Libraries,96442,40233,2931,409,large,637,539,481,599,511,249,375,26,0,349,271,203,356,475,192,119,228,186,257,48,6101,63.260819974699814
microsoft/hummingbird,ML Frameworks / Libraries,14949,3481,481,35,medium,138,343,56,89,67,27,27,0,0,16,4,0,42,21,8,9,17,7,0,0,871,58.2647668740384
microsoft/MMdnn,ML Frameworks / Libraries,27846,5813,1085,65,large,97,543,149,46,39,75,46,0,2,15,54,5,76,125,56,5,35,46,0,12,1426,51.21022768081591
microsoft/Windows-Machine-Learning,ML Frameworks / Libraries,562,1097,1731,47,small,0,1,0,0,0,11,2,0,0,0,0,0,1,0,1,1,2,0,0,1,20,35.587188612099645
mindsdb/mindsdb,Natural Language Processing,134139,36195,19670,791,large,340,304,117,690,93,202,168,113,78,312,98,1025,208,62,211,59,275,131,792,7,5285,39.399428950566204
MIPT-Oulu/solt,Computer Vision,4768,265,443,6,small,0,80,0,2,15,123,3,0,0,3,0,4,7,10,0,0,1,0,0,1,249,52.2231543624161
MITK/MITK,Domain-Specific Applications,55,776,46189,61,small,0,0,0,0,0,0,0,0,0,0,0,0,0,0,0,0,0,0,0,0,0,0.0
mittagessen/kraken,Computer Vision,13974,888,2290,27,medium,85,3,15,15,56,18,63,182,0,10,53,1,31,34,5,26,70,1,177,79,924,66.12279948475741
mlflow/mlflow,MLOps / Deployment,320527,22264,8857,849,large,1265,1792,4136,442,472,2257,291,2377,405,598,85,94,460,117,184,58,92,63,354,97,15639,48.791521463090476
mljar/mljar-supervised,Data Science / Traditional ML,19321,3205,1239,27,medium,42,184,168,61,50,5,44,1,0,16,32,0,23,77,3,24,1,3,52,0,786,40.681124165415866
mlmed/torchxrayvision,Computer Vision,6002,1062,414,9,small,12,23,4,5,43,5,10,0,0,3,1,0,11,39,7,23,5,2,0,0,193,32.15594801732756
mlperf/inference,ML Frameworks / Libraries,52082,1467,1824,113,large,87,351,7,125,204,99,183,2,0,39,127,11,60,172,55,72,43,20,127,23,1807,34.6952881993779
mlperf/training,ML Frameworks / Libraries,78482,1715,379,62,large,218,929,166,100,425,144,307,22,1,129,55,111,153,183,141,104,34,90,68,68,3448,43.93364083484111
mozilla/bugbug,Natural Language Processing,28261,547,6468,111,large,37,34,4,39,18,128,61,277,0,139,9,3,37,23,88,8,6,15,43,1,970,34.32291850960688
mozilla/DeepSpeech,ML Frameworks / Libraries,8842,26614,3467,128,small,4,38,0,3,20,7,36,1,0,17,0,0,1,16,4,2,16,0,0,10,175,19.791902284551007
mpariente/asteroid,ML Frameworks / Libraries,19013,2462,918,54,medium,51,5,7,20,82,87,90,0,0,21,4,7,22,106,10,33,9,5,0,4,563,29.611318571503705
namisan/mt-dnn,Natural Language Processing,13012,2255,582,17,medium,54,14,18,9,81,49,63,1,0,2,31,33,20,49,10,23,17,23,29,1,527,40.501075929910854
nanoporetech/medaka,Domain-Specific Applications,13952,482,1494,18,medium,23,21,70,23,42,5,60,0,0,18,27,2,24,69,29,14,6,12,34,2,481,34.475344036697244
NLeSC/mcfly,Domain-Specific Applications,1749,365,936,15,small,4,43,21,31,13,0,5,0,0,1,0,0,0,0,3,0,1,0,0,0,122,69.75414522584333
norse/norse,ML Frameworks / Libraries,14090,759,412,24,medium,39,4,27,2,67,16,35,0,0,3,2,76,12,20,1,14,21,40,4,0,383,27.182398864442867
nussl/nussl,Domain-Specific Applications,15649,640,1030,10,medium,50,0,72,20,55,115,51,0,0,16,18,19,10,85,7,17,2,10,1,0,548,35.01821202632756
nutonomy/nuscenes-devkit,Domain-Specific Applications,14748,2566,238,37,medium,7,0,23,27,97,14,82,0,0,16,2,2,41,25,0,19,2,1,0,0,358,24.274477895307836
NVIDIA/DeepLearningExamples,Natural Language Processing,294144,14500,1437,104,large,630,4215,640,654,1533,360,1241,6,3,653,518,220,564,515,331,412,400,359,757,786,14797,50.30529264577894
NVIDIA/Megatron-LM,Natural Language Processing,135466,13712,7253,177,large,528,146,391,418,438,221,429,180,21,162,362,207,254,260,222,164,100,143,280,63,4989,36.82842927376611
NVIDIA/NeMo,Natural Language Processing,422797,15770,8996,435,large,1235,495,1019,2893,1851,2028,1451,523,100,368,814,330,590,720,376,664,407,416,217,89,16586,39.22922821117463
NVIDIA/TRTorch,ML Frameworks / Libraries,91885,2865,4650,101,large,692,148,626,1056,395,285,159,42,1,97,139,0,197,105,91,17,765,11,257,5,5088,55.37356478206454
NVIDIAGameWorks/kaolin,ML Frameworks / Libraries,42464,4911,386,29,large,183,9,110,974,298,320,204,0,0,26,21,73,76,220,148,16,26,37,24,0,2765,65.11397889977393
onnx/onnxmltools,ML Frameworks / Libraries,25210,1113,336,46,medium,21,74,22,60,93,5,73,0,0,19,17,0,32,73,5,5,40,7,0,1,547,21.697738992463307
onnx/tensorflow-onnx,ML Frameworks / Libraries,61422,2480,2947,97,large,51,241,11,64,179,66,288,4,0,191,163,0,17,86,51,32,72,15,0,48,1579,25.70740125687864
opencv/cvat,Computer Vision,94933,14466,5486,259,large,459,129,80,485,245,94,134,501,31,525,165,21,133,0,65,14,9,6,22,0,3118,32.844216447389215
opencv/open_model_zoo,ML Frameworks / Libraries,91679,4297,8757,163,large,182,323,13,613,302,19,425,11,0,78,743,3,29,32,6,148,91,159,5,5,3187,34.7625955780495
opencv/openvino_training_extensions,Computer Vision,70685,1203,1417,37,large,233,45,437,1378,399,754,190,311,39,315,39,175,3,26,107,88,12,87,94,6,4738,67.02978000990309
OpenMined/PySyft,ML Frameworks / Libraries,74198,9783,35229,72,large,353,185,207,166,111,436,74,1223,3,192,21,26,212,34,247,20,55,20,147,18,3750,50.54044583411952
open-mmlab/mmcv,Computer Vision,27143,6271,1467,263,large,48,35,62,150,149,25,68,0,0,29,9,224,67,15,4,19,118,110,0,9,1141,42.03662085989021
open-mmlab/mmdetection,Computer Vision,161864,31732,2706,425,large,182,523,74,254,766,64,673,0,0,174,167,18,114,243,203,174,55,251,2,1,3938,24.329066376711314
OpenNMT/OpenNMT-py,Natural Language Processing,26821,6941,2895,170,medium,55,32,118,45,91,42,72,3,0,38,75,18,44,54,12,31,20,34,37,0,821,30.610342641959658
openvinotoolkit/model_server,MLOps / Deployment,13305,769,3155,47,medium,75,7,18,104,26,93,30,1,0,22,30,1,5,31,0,6,22,2,17,1,491,36.903419767004884
openvinotoolkit/openvino,Natural Language Processing,145379,8910,20074,611,large,691,122,194,985,1573,252,326,278,4,96,739,97,164,239,225,33,550,158,247,43,7016,48.2600650712964
PacktPublishing/Deep-Reinforcement-Learning-Hands-On,Reinforcement Learning,11006,3027,1200,12,medium,9,3,27,14,24,305,39,0,2,43,42,1,3,19,3,11,6,2,0,0,553,50.24532073414501
PaddlePaddle/models,Natural Language Processing,45510,6934,5074,269,large,132,23,40,176,239,101,305,3,1,208,35,2,110,372,20,67,85,29,89,0,2037,44.759393539881344
PaddlePaddle/PARL,Reinforcement Learning,48648,3410,518,39,large,73,40,147,158,245,122,182,30,0,252,305,46,41,346,6,148,23,122,0,6,2292,47.11396151948693
pgmpy/pgmpy,Data Science / Traditional ML,45648,3051,3252,153,large,44,31,78,125,47,63,62,42,0,16,96,2,119,73,29,36,11,44,38,1,957,20.964773922187174
philipperemy/keract,ML Frameworks / Libraries,1080,1053,417,10,small,0,0,10,5,5,0,4,0,0,3,0,0,1,2,0,0,1,0,0,0,31,28.703703703703702
philipperemy/keras-tcn,ML Frameworks / Libraries,1306,1971,571,16,small,8,1,10,2,4,2,3,0,0,3,0,0,5,3,1,2,0,0,0,0,44,33.6906584992343
Project-MONAI/MONAI,Computer Vision,150944,6865,3270,229,large,272,306,94,725,884,222,389,23,0,243,85,62,96,74,46,167,284,148,166,8,4294,28.447636209455162
pyannote/pyannote-audio,Reinforcement Learning,10618,8363,2402,66,medium,68,55,20,32,45,50,46,20,0,15,29,2,26,34,32,13,6,0,0,0,493,46.43058956488981
pymc-devs/pymc3,Data Science / Traditional ML,59576,9265,10310,444,large,244,383,139,902,215,232,152,540,76,170,180,34,144,609,62,27,100,136,18,15,4378,73.48596750369276
pyro-ppl/pyro,ML Frameworks / Libraries,89231,8867,2513,151,large,314,191,580,44,185,312,293,7,0,83,181,652,110,248,102,51,57,64,12,4,3490,39.11196781387635
pytorch/audio,ML Frameworks / Libraries,40441,2742,2442,217,large,90,183,108,102,198,154,117,2,0,36,54,21,31,60,7,45,89,17,31,0,1345,33.258326945426674
pytorch/botorch,ML Frameworks / Libraries,89598,3353,2305,112,large,86,48,703,73,264,19,324,279,4,39,104,40,54,59,111,42,11,109,11,20,2400,26.786312194468625
pytorch/builder,ML Frameworks / Libraries,685,354,2799,114,small,0,12,0,0,1,1,0,4,0,0,0,0,0,0,0,1,2,0,0,0,21,30.656934306569344
pytorch/captum,ML Frameworks / Libraries,42238,5416,1367,110,large,97,3,40,56,231,6,103,12,0,22,13,9,64,24,30,19,162,33,3,0,927,21.947061887399972
pytorch/examples,Reinforcement Learning,7428,23429,835,258,small,17,9,4,15,32,92,20,0,0,9,6,3,4,18,1,17,19,6,5,1,278,37.42595584275713
pytorch/fairseq,ML Frameworks / Libraries,145783,31839,2329,288,large,402,161,159,357,657,249,472,1,0,121,193,285,279,287,152,264,190,400,276,24,4929,33.81052660461096
pytorch/ignite,ML Frameworks / Libraries,48124,4700,1838,211,large,803,41,756,118,122,292,142,9,0,66,30,22,40,215,7,16,10,14,33,1,2737,56.87390906824038
pytorch/serve,MLOps / Deployment,31729,4350,3891,179,large,131,24,68,194,43,294,33,0,0,51,191,1,51,106,20,22,20,15,117,4,1385,43.650918717892154
pytorch/text,Natural Language Processing,14307,3560,1313,143,medium,8,20,65,35,40,29,33,0,0,4,32,5,37,33,23,8,49,1,1,1,424,29.635842594534143
pytorch/tutorials,ML Frameworks / Libraries,14427,8811,2771,675,medium,38,60,96,37,34,679,18,4,0,14,4,29,13,39,2,7,49,15,0,6,1144,79.29576488528453
pytorch/vision,Computer Vision,76374,17178,4118,620,large,184,25,343,688,358,100,241,1687,0,124,5,27,110,107,157,46,243,31,0,3,4479,58.64561238117684
PyTorchLightning/pytorch-lightning,ML Frameworks / Libraries,86858,30179,10863,967,large,933,94,1370,346,175,115,86,837,14,500,146,81,0,32,106,61,49,48,84,2,5079,58.474751893895785
QData/TextAttack,Natural Language Processing,25560,3277,2772,56,medium,27,26,55,53,37,50,26,0,0,14,30,1,59,21,20,25,5,75,69,1,594,23.23943661971831
quantumblacklabs/kedro,MLOps / Deployment,24084,10549,4147,238,medium,116,26,273,869,72,507,14,17,2,47,10,1,13,4,1,2,16,10,10,0,2010,83.45789735924265
quantumlib/Cirq,ML Frameworks / Libraries,169329,4712,4475,243,large,351,1505,1504,633,152,315,172,141,34,499,18,643,74,24,58,25,4,23,33,0,6208,36.662355532720326
ray-project/ray,Natural Language Processing,637199,39131,27237,890,large,7166,3209,6420,3389,802,3054,830,179,56,2629,785,216,1086,834,1579,403,419,247,1314,162,34779,54.581064942035376
ria-com/nomeroff-net,Computer Vision,10722,486,1542,9,medium,83,24,4,7,60,56,47,0,0,9,17,6,9,105,1,20,3,18,0,0,469,43.74183920910278
robertness/causalML,ML Frameworks / Libraries,2330,782,367,50,small,8,0,0,2,3,19,8,0,0,3,0,1,1,17,0,3,2,0,0,0,67,28.755364806866954
ROCmSoftwarePlatform/tensorflow-upstream,ML Frameworks / Libraries,757020,696,188754,553,large,365,4769,4608,1733,2201,60,1369,541,1,843,634,1902,1795,521,2703,246,6,465,0,2370,27132,35.84053261472616
RussTedrake/underactuated,Domain-Specific Applications,5955,870,1915,34,small,21,4,6,2,8,10,7,0,1,10,4,0,0,9,5,3,5,0,0,0,95,15.95298068849706
rusty1s/pytorch_geometric,ML Frameworks / Libraries,124071,22939,7889,514,large,216,45,1035,150,569,692,303,29,0,100,180,184,186,51,132,128,77,234,26,46,4383,35.32654689653505
rusty1s/pytorch_scatter,ML Frameworks / Libraries,1450,1690,1049,30,small,20,0,0,0,3,5,3,0,0,0,0,0,4,3,0,0,1,0,0,0,39,26.896551724137932
rwightman/pytorch-image-models,Computer Vision,83829,35368,2940,157,large,263,7,240,177,811,7,371,13,0,24,24,30,135,150,144,276,38,42,70,4,2826,33.71148409261711
rwth-i6/returnn,ML Frameworks / Libraries,145490,370,12170,57,large,297,158,577,82,319,455,509,2,1,280,81,101,188,252,91,123,48,173,7,199,3943,27.101519004742592
scikit-learn-contrib/imbalanced-learn,Data Science / Traditional ML,16049,7038,896,82,medium,82,167,41,24,18,163,39,2,0,5,121,6,17,42,21,10,4,44,0,1,807,50.283506760545826
SeldonIO/alibi,Domain-Specific Applications,20797,2558,677,22,medium,178,16,190,27,129,521,119,1,0,77,70,0,78,49,71,23,12,132,3,47,1743,83.81016492763379
SeldonIO/alibi-detect,Domain-Specific Applications,24028,2429,746,25,medium,178,16,190,27,129,521,119,1,0,77,70,0,78,49,71,23,12,132,3,47,1743,72.54036956883635
SeldonIO/seldon-core,MLOps / Deployment,3289,4638,1207,38,small,11,12,203,10,10,23,4,0,0,3,5,0,0,12,0,1,1,0,0,0,295,89.69291577987231
sigopt/sigopt-examples,Data Science / Traditional ML,5255,201,601,24,small,0,22,0,27,20,9,15,0,6,10,3,0,3,18,0,5,1,0,0,3,142,27.02188392007612
sisl/NeuralVerification.jl,Domain-Specific Applications,61,232,932,13,small,0,0,0,0,0,0,0,0,0,0,0,0,0,0,0,0,0,0,0,0,0,0.0
skorch-dev/skorch,ML Frameworks / Libraries,20587,6113,1123,62,medium,65,44,18,1072,162,19,27,1,0,57,115,5,4,5,9,16,7,31,0,0,1657,80.48768640404138
slundberg/shap,Data Science / Traditional ML,23375,24462,2867,228,medium,125,98,25,37,94,57,102,14,0,29,49,0,79,13,78,26,8,25,24,15,898,38.41711229946524
snap-stanford/ogb,Domain-Specific Applications,21473,2036,679,25,medium,106,17,3,75,182,216,134,0,0,18,59,1,53,68,13,44,34,1,1,4,1029,47.92064453034043
snipsco/tract,ML Frameworks / Libraries,1472,2601,8101,69,small,2,0,4,0,1,0,4,0,0,0,0,0,0,2,0,1,3,0,0,0,17,11.54891304347826
snorkel-team/snorkel,Computer Vision,7633,5918,2693,69,small,19,2,54,46,13,17,6,1,0,40,56,3,7,17,2,6,2,12,23,0,326,42.70928861522337
SPFlow/SPFlow,ML Frameworks / Libraries,16505,304,650,22,medium,118,133,24,17,51,181,41,1,0,14,17,1,33,55,11,8,3,2,0,7,717,43.44138139957589
spmallick/learnopencv,Computer Vision,120110,22329,2608,81,large,431,74,40,256,433,902,570,113,19,386,262,45,142,589,27,148,109,60,165,29,4800,39.963366913662476
sql-machine-learning/elasticdl,ML Frameworks / Libraries,21950,743,1829,23,medium,53,115,248,26,39,50,39,0,0,49,40,18,43,37,28,27,20,33,0,17,882,40.182232346241456
stanfordnlp/stanza,Natural Language Processing,51429,7607,4785,52,large,294,159,240,132,240,389,215,2,1,18,20,11,88,263,223,43,37,32,103,20,2530,49.19403449415699
stephenhky/PyShortTextCategorization,Natural Language Processing,2590,472,1539,7,small,0,5,4,6,13,0,4,15,0,1,72,0,16,1,0,3,3,10,1,2,156,60.23166023166023
streamlit/streamlit,Data Science / Traditional ML,113797,41585,8344,280,large,130,175,1007,1209,137,219,78,157,22,85,27,18,1,13,69,29,214,7,3,14,3614,31.758306457990987
tensorflow/addons,ML Frameworks / Libraries,28322,1707,1519,195,large,23,43,84,11,91,10,97,0,0,3,83,7,49,14,33,22,19,84,0,200,873,30.8240943436198
tensorflow/data-validation,ML Frameworks / Libraries,28157,773,995,26,large,3,0,70,53,57,0,32,4,0,44,13,20,15,1,55,11,0,13,0,2,393,13.957452853642078
tensorflow/examples,ML Frameworks / Libraries,31727,8185,2187,263,large,19,22,72,90,166,0,115,1,0,78,124,11,41,1,38,32,0,47,0,68,925,29.15497840955653
tensorflow/fairness-indicators,ML Frameworks / Libraries,1520,353,397,31,small,0,6,5,14,3,0,2,5,0,2,0,0,3,0,2,0,0,3,0,0,45,29.605263157894736
tensorflow/federated,ML Frameworks / Libraries,96954,2397,5691,110,large,12,51,402,127,108,0,131,730,0,73,26,4,152,0,126,13,0,30,0,190,2175,22.433318893495887
tensorflow/graphics,ML Frameworks / Libraries,33411,2781,770,35,large,6,8,1,42,155,0,123,0,0,41,26,2,26,0,13,27,0,24,0,294,788,23.585046840860795
tensorflow/io,ML Frameworks / Libraries,26222,731,1700,104,medium,41,28,18,19,68,41,35,0,0,28,8,3,18,19,43,4,43,0,0,62,478,18.228968042102053
tensorflow/model-analysis,ML Frameworks / Libraries,49874,1267,1570,55,large,18,37,76,129,173,0,85,22,0,22,6,0,93,2,90,8,0,29,0,91,881,17.664514576733367
tensorflow/models,ML Frameworks / Libraries,379080,77643,9655,790,large,465,1554,850,838,1783,19,1483,176,3,556,1497,279,485,98,353,610,11,306,8,2038,13412,35.3803946396539
tensorflow/privacy,ML Frameworks / Libraries,30114,1985,899,56,large,33,55,78,119,117,16,85,86,0,5,15,13,44,24,15,9,0,9,0,56,779,25.868366872550972
tensorflow/quantum,ML Frameworks / Libraries,15821,2017,934,35,medium,9,22,121,46,18,0,50,0,0,18,5,3,0,0,30,4,0,10,0,36,372,23.513052272296314
tensorflow/serving,ML Frameworks / Libraries,2292,6325,9171,210,small,7,47,18,8,5,0,5,0,0,3,6,0,1,1,0,0,0,0,0,9,110,47.99301919720768
tensorflow/text,ML Frameworks / Libraries,18446,1273,922,111,medium,55,8,18,25,67,0,14,0,0,13,13,40,57,0,25,2,0,39,0,33,409,22.172828797571288
tensorflow/tfjs,ML Frameworks / Libraries,12161,18968,6112,340,medium,1,29,29,9,16,1,12,0,1,4,0,6,9,4,10,0,10,0,0,0,141,11.594441246608008
tf-encrypted/tf-encrypted,ML Frameworks / Libraries,22814,1235,605,25,medium,14,307,7,160,27,9,43,0,0,29,52,0,38,15,38,11,8,14,0,94,866,37.95914789164548
TheAlgorithms/Python,Domain-Specific Applications,46108,209443,3597,1217,large,9,54,40,80,50,645,42,913,28,41,32,1,173,3,0,11,5,0,31,1,2159,46.824846013706946
thu-ml/tianshou,Reinforcement Learning,35503,8802,1175,77,large,92,3,35,29,53,20,135,422,43,75,16,4,25,35,103,27,12,13,16,0,1158,32.61696194687773
thunlp/OpenNRE,Natural Language Processing,3137,4429,177,8,small,4,0,0,3,18,4,18,0,0,1,2,4,8,26,0,7,11,4,0,0,110,35.065349059611094
Tiiiger/QPyTorch,ML Frameworks / Libraries,3868,285,246,9,small,12,0,0,2,21,12,7,0,0,41,0,12,7,25,2,11,6,6,0,0,164,42.39917269906929
timesler/facenet-pytorch,ML Frameworks / Libraries,1467,4993,252,17,small,1,13,0,1,6,3,5,0,0,2,0,0,2,2,0,5,0,0,0,0,40,27.266530334015
tslearn-team/tslearn,Domain-Specific Applications,10150,3037,1685,39,small,32,153,32,2,43,13,20,0,0,11,129,5,24,25,5,12,1,8,0,0,515,50.73891625615764
uber/causalml,Data Science / Traditional ML,11144,5589,653,68,medium,43,17,4,0,111,11,82,5,0,0,164,1,29,127,3,18,4,22,1,0,642,57.60947595118449
uber/ludwig,Natural Language Processing,95376,11590,3861,148,large,553,45,86,169,384,205,270,12,0,58,25,243,123,125,299,56,40,129,364,7,3193,33.478023821506454
UKPLab/sentence-transformers,Natural Language Processing,39022,17603,2375,226,large,74,21,56,20,162,157,123,19,10,10,13,3,29,29,7,33,18,56,275,2,1117,28.62487827379427
ultralytics/yolov3,Computer Vision,11096,10457,2899,48,medium,22,14,6,6,94,50,69,5,0,8,6,4,8,11,3,12,20,25,128,10,501,45.151405912040374
ultralytics/yolov5,Computer Vision,11454,55509,2916,335,medium,22,15,7,6,94,49,70,5,0,8,6,4,8,11,3,12,20,25,130,10,505,44.08940108259123
Unity-Technologies/ml-agents,Reinforcement Learning,27918,18685,3541,146,large,69,50,160,25,56,38,56,0,0,42,7,6,25,30,24,30,4,2,11,0,635,22.745182319650407
vaexio/vaex,Data Science / Traditional ML,63938,8432,3712,65,large,995,395,713,140,339,1232,178,3,12,151,707,32,356,446,315,87,346,24,15,34,6520,101.9737871062592
vanvalenlab/deepcell-tf,ML Frameworks / Libraries,14131,465,421,21,medium,38,0,76,32,70,8,80,0,0,36,52,0,7,6,48,21,3,15,8,12,512,36.232396857971835
VertaAI/modeldb,MLOps / Deployment,111928,1740,4114,49,large,362,510,1801,856,171,185,50,1,11,235,0,30,121,56,134,65,233,32,0,6,4859,43.411836180401686
vespa-engine/sample-apps,MLOps / Deployment,11979,380,5644,63,medium,23,7,0,12,12,55,19,1,0,5,0,0,14,31,2,2,39,0,36,0,258,21.537690959178562
vwxyzjn/cleanrl,Reinforcement Learning,12634,7945,841,42,medium,9,17,3,2,35,306,20,0,0,34,41,15,2,3,2,44,6,2,0,0,541,42.82095931613107
wandb/client,Reinforcement Learning,217482,10367,8446,200,large,1271,626,2065,407,376,1107,186,60,0,258,174,75,260,62,420,89,204,81,198,25,7944,36.527160868485666
wandb/examples,Data Science / Traditional ML,7128,1181,1003,68,small,14,60,2,8,7,96,17,0,0,4,0,0,8,48,2,6,11,0,8,13,304,42.64870931537598
wikipedia2vec/wikipedia2vec,Natural Language Processing,4481,956,333,5,small,0,60,12,1,18,0,16,3,0,4,0,0,15,1,0,2,0,0,5,11,148,33.028341887971436
x4nth055/pythoncode-tutorials,Natural Language Processing,41945,2913,641,14,large,42,54,5,36,19,401,27,5,19,85,23,0,37,61,1,35,35,2,30,5,922,21.981165812373344
XanaduAI/pennylane,ML Frameworks / Libraries,350353,2824,6011,200,large,111,185,6,10156,0,21,784,791,27,9,0,8,0,30,246,0,443,9,0,46,12872,36.74008785424986
XanaduAI/strawberryfields,ML Frameworks / Libraries,31745,817,1172,42,large,109,2,94,762,97,251,119,0,0,45,2,2,1,86,39,0,3,1,4,29,1646,51.85068514726729
Xilinx/brevitas,ML Frameworks / Libraries,58300,1388,1609,26,large,363,94,230,303,343,201,166,204,0,199,107,135,285,153,91,47,118,116,24,12,3191,54.734133790737566
YosefLab/scVI,Domain-Specific Applications,52441,1460,4329,74,large,119,69,288,46,358,129,244,198,0,35,85,44,104,24,36,66,15,192,30,0,2082,39.70176007322515
yzhao062/pyod,Data Science / Traditional ML,16576,9471,1895,53,medium,5,40,140,25,63,37,30,1,0,0,244,0,19,78,33,88,2,5,0,0,810,48.865830115830114
zalandoresearch/pytorch-ts,ML Frameworks / Libraries,9932,1333,438,11,small,16,15,4,6,80,6,49,0,0,9,2,58,16,23,5,27,2,14,1,4,337,33.93072895690697
zeusees/HyperLPR,ML Frameworks / Libraries,1356,5991,344,17,small,7,3,0,0,6,2,7,0,0,14,5,0,3,16,0,3,3,0,0,6,75,55.309734513274336
zhanghang1989/PyTorch-Encoding,Computer Vision,6905,2051,120,9,small,14,15,3,9,47,20,24,0,0,13,2,38,11,29,1,18,17,24,0,0,285,41.27443881245475
